ags,chem_ammonia,chem_basic,chem_other,metal_nonfe,metal_steel_primary,metal_steel_secondary,miner_cement,miner_ceram,miner_chalk,miner_glas,other_food,other_further,other_paper,DG000000,count_chem_ammonia,count_chem_basic,count_chem_other,count_metal_nonfe,count_metal_steel_primary,count_metal_steel_secondary,count_miner_cement,count_miner_ceram,count_miner_chalk,count_miner_glas,count_other_food,count_other_further,count_other_paper,count_DG000000
01001000,0.0,0.0,0.0,0.0,0.0,0.0,0.0,0.0,0.0,0.0,0.0,0.0,28191.0,28191,0.0,0.0,0.0,0.0,0.0,0.0,0.0,0.0,0.0,0.0,0.0,0.0,1.0,1
01002000,0.0,0.0,0.0,0.0,0.0,0.0,0.0,0.0,0.0,0.0,0.0,0.0,0.0,0,0.0,0.0,0.0,0.0,0.0,0.0,0.0,0.0,0.0,0.0,0.0,0.0,0.0,0
01051011,0.0,327042.0,0.0,0.0,0.0,0.0,0.0,0.0,0.0,0.0,0.0,0.0,0.0,327042,0.0,4.0,0.0,0.0,0.0,0.0,0.0,0.0,0.0,0.0,0.0,0.0,0.0,4
01055017,0.0,0.0,0.0,0.0,0.0,0.0,0.0,0.0,0.0,0.0,28190.0,0.0,0.0,28190,0.0,0.0,0.0,0.0,0.0,0.0,0.0,0.0,0.0,0.0,1.0,0.0,0.0,1
01056048,0.0,0.0,0.0,0.0,0.0,0.0,0.0,0.0,0.0,0.0,0.0,0.0,26175.0,26175,0.0,0.0,0.0,0.0,0.0,0.0,0.0,0.0,0.0,0.0,0.0,0.0,1.0,1
01056049,0.0,0.0,0.0,0.0,0.0,0.0,0.0,0.0,0.0,0.0,0.0,0.0,28593.0,28593,0.0,0.0,0.0,0.0,0.0,0.0,0.0,0.0,0.0,0.0,0.0,0.0,1.0,1
01060092,0.0,0.0,0.0,0.0,0.0,0.0,0.0,0.0,0.0,32852.0,0.0,0.0,0.0,32852,0.0,0.0,0.0,0.0,0.0,0.0,0.0,0.0,0.0,1.0,0.0,0.0,0.0,1
01061020,1115915.0,0.0,0.0,0.0,0.0,0.0,0.0,0.0,0.0,0.0,0.0,0.0,0.0,1115915,1.0,0.0,0.0,0.0,0.0,0.0,0.0,0.0,0.0,0.0,0.0,0.0,0.0,1
01061029,0.0,0.0,0.0,0.0,0.0,0.0,0.0,0.0,0.0,0.0,0.0,0.0,7131.0,7131,0.0,0.0,0.0,0.0,0.0,0.0,0.0,0.0,0.0,0.0,0.0,0.0,1.0,1
01061061,0.0,0.0,0.0,0.0,0.0,0.0,1052647.0,0.0,0.0,0.0,0.0,0.0,0.0,1052647,0.0,0.0,0.0,0.0,0.0,0.0,1.0,0.0,0.0,0.0,0.0,0.0,0.0,1
01062001,0.0,0.0,0.0,0.0,0.0,0.0,0.0,0.0,0.0,0.0,0.0,13388.0,0.0,13388,0.0,0.0,0.0,0.0,0.0,0.0,0.0,0.0,0.0,0.0,0.0,1.0,0.0,1
02000000,0.0,47467.0,21299.0,461222.0,0.0,365699.0,0.0,0.0,0.0,0.0,271704.0,78456.0,0.0,1245847,0.0,1.0,1.0,5.0,0.0,3.0,0.0,0.0,0.0,0.0,3.0,4.0,0.0,17
03101000,0.0,0.0,0.0,0.0,0.0,0.0,0.0,0.0,0.0,0.0,0.0,33135.0,0.0,33135,0.0,0.0,0.0,0.0,0.0,0.0,0.0,0.0,0.0,0.0,0.0,1.0,0.0,1
03102000,0.0,0.0,0.0,0.0,3735956.0,4027207.0,0.0,0.0,0.0,0.0,47114.0,25996.0,0.0,7836273,0.0,0.0,0.0,0.0,1.0,5.0,0.0,0.0,0.0,0.0,1.0,1.0,0.0,8
03153002,0.0,0.0,0.0,0.0,0.0,0.0,0.0,0.0,0.0,0.0,0.0,0.0,1735.0,1735,0.0,0.0,0.0,0.0,0.0,0.0,0.0,0.0,0.0,0.0,0.0,0.0,1.0,1
03153012,0.0,0.0,0.0,0.0,0.0,0.0,0.0,0.0,347492.0,0.0,0.0,0.0,0.0,347492,0.0,0.0,0.0,0.0,0.0,0.0,0.0,0.0,2.0,0.0,0.0,0.0,0.0,2
03153017,0.0,0.0,0.0,51488.0,0.0,0.0,0.0,0.0,0.0,0.0,0.0,0.0,0.0,51488,0.0,0.0,0.0,1.0,0.0,0.0,0.0,0.0,0.0,0.0,0.0,0.0,0.0,1
03153019,0.0,27970.0,0.0,0.0,0.0,0.0,0.0,0.0,0.0,0.0,0.0,0.0,0.0,27970,0.0,1.0,0.0,0.0,0.0,0.0,0.0,0.0,0.0,0.0,0.0,0.0,0.0,1
03155001,0.0,0.0,0.0,0.0,0.0,0.0,0.0,0.0,0.0,6412.0,0.0,0.0,0.0,6412,0.0,0.0,0.0,0.0,0.0,0.0,0.0,0.0,0.0,1.0,0.0,0.0,0.0,1
03155003,0.0,0.0,0.0,0.0,0.0,0.0,0.0,5502.0,0.0,0.0,0.0,0.0,0.0,5502,0.0,0.0,0.0,0.0,0.0,0.0,0.0,1.0,0.0,0.0,0.0,0.0,0.0,1
03155007,0.0,0.0,0.0,0.0,0.0,0.0,0.0,0.0,52502.0,0.0,0.0,0.0,0.0,52502,0.0,0.0,0.0,0.0,0.0,0.0,0.0,0.0,1.0,0.0,0.0,0.0,0.0,1
03155011,0.0,0.0,0.0,0.0,0.0,0.0,0.0,0.0,0.0,0.0,0.0,24619.0,0.0,24619,0.0,0.0,0.0,0.0,0.0,0.0,0.0,0.0,0.0,0.0,0.0,2.0,0.0,2
03157000,0.0,0.0,0.0,0.0,0.0,147120.0,0.0,0.0,0.0,0.0,0.0,0.0,0.0,147120,0.0,0.0,0.0,0.0,0.0,1.0,0.0,0.0,0.0,0.0,0.0,0.0,0.0,1
03157002,0.0,0.0,0.0,0.0,0.0,0.0,0.0,0.0,0.0,0.0,62256.0,0.0,0.0,62256,0.0,0.0,0.0,0.0,0.0,0.0,0.0,0.0,0.0,0.0,1.0,0.0,0.0,1
03158039,0.0,0.0,0.0,0.0,0.0,0.0,0.0,0.0,0.0,0.0,67327.0,0.0,0.0,67327,0.0,0.0,0.0,0.0,0.0,0.0,0.0,0.0,0.0,0.0,1.0,0.0,0.0,1
03159005,0.0,0.0,0.0,0.0,0.0,0.0,0.0,29054.0,0.0,0.0,0.0,0.0,0.0,29054,0.0,0.0,0.0,0.0,0.0,0.0,0.0,1.0,0.0,0.0,0.0,0.0,0.0,1
03159007,0.0,0.0,0.0,0.0,0.0,0.0,0.0,0.0,0.0,7265.0,0.0,0.0,0.0,7265,0.0,0.0,0.0,0.0,0.0,0.0,0.0,0.0,0.0,1.0,0.0,0.0,0.0,1
03159010,0.0,0.0,0.0,0.0,0.0,0.0,0.0,0.0,0.0,0.0,0.0,892.0,0.0,892,0.0,0.0,0.0,0.0,0.0,0.0,0.0,0.0,0.0,0.0,0.0,1.0,0.0,1
03159016,0.0,0.0,0.0,23235.0,0.0,0.0,0.0,13005.0,0.0,0.0,0.0,0.0,0.0,36240,0.0,0.0,0.0,1.0,0.0,0.0,0.0,1.0,0.0,0.0,0.0,0.0,0.0,2
03159019,0.0,0.0,0.0,0.0,0.0,0.0,0.0,0.0,0.0,0.0,0.0,0.0,92277.0,92277,0.0,0.0,0.0,0.0,0.0,0.0,0.0,0.0,0.0,0.0,0.0,0.0,1.0,1
03241001,0.0,0.0,0.0,0.0,0.0,0.0,585730.0,0.0,0.0,0.0,0.0,22102.0,0.0,607832,0.0,0.0,0.0,0.0,0.0,0.0,1.0,0.0,0.0,0.0,0.0,1.0,0.0,2
03241010,0.0,0.0,0.0,0.0,0.0,0.0,0.0,0.0,0.0,0.0,0.0,6641.0,0.0,6641,0.0,0.0,0.0,0.0,0.0,0.0,0.0,0.0,0.0,0.0,0.0,1.0,0.0,1
03241015,0.0,21183.0,0.0,0.0,0.0,0.0,0.0,0.0,0.0,0.0,0.0,0.0,0.0,21183,0.0,1.0,0.0,0.0,0.0,0.0,0.0,0.0,0.0,0.0,0.0,0.0,0.0,1
03241016,8363.0,0.0,0.0,0.0,0.0,0.0,571725.0,0.0,0.0,0.0,0.0,0.0,0.0,580088,1.0,0.0,0.0,0.0,0.0,0.0,1.0,0.0,0.0,0.0,0.0,0.0,0.0,2
03241021,27233.0,0.0,0.0,0.0,0.0,0.0,0.0,0.0,0.0,0.0,0.0,0.0,0.0,27233,1.0,0.0,0.0,0.0,0.0,0.0,0.0,0.0,0.0,0.0,0.0,0.0,0.0,1
03251023,0.0,2232.0,0.0,0.0,0.0,0.0,0.0,0.0,0.0,0.0,0.0,0.0,0.0,2232,0.0,2.0,0.0,0.0,0.0,0.0,0.0,0.0,0.0,0.0,0.0,0.0,0.0,2
03252002,0.0,0.0,0.0,0.0,0.0,0.0,0.0,0.0,0.0,20015.0,0.0,0.0,0.0,20015,0.0,0.0,0.0,0.0,0.0,0.0,0.0,0.0,0.0,1.0,0.0,0.0,0.0,1
03254002,0.0,0.0,0.0,0.0,0.0,0.0,0.0,0.0,0.0,0.0,0.0,0.0,118856.0,118856,0.0,0.0,0.0,0.0,0.0,0.0,0.0,0.0,0.0,0.0,0.0,0.0,3.0,3
03254026,0.0,0.0,0.0,0.0,0.0,0.0,0.0,0.0,0.0,0.0,135322.0,0.0,0.0,135322,0.0,0.0,0.0,0.0,0.0,0.0,0.0,0.0,0.0,0.0,1.0,0.0,0.0,1
03255004,0.0,0.0,0.0,0.0,0.0,0.0,0.0,0.0,0.0,70257.0,0.0,0.0,0.0,70257,0.0,0.0,0.0,0.0,0.0,0.0,0.0,0.0,0.0,2.0,0.0,0.0,0.0,2
03255008,0.0,0.0,0.0,0.0,0.0,0.0,0.0,0.0,0.0,6987.0,0.0,0.0,7721.0,14708,0.0,0.0,0.0,0.0,0.0,0.0,0.0,0.0,0.0,1.0,0.0,0.0,1.0,2
03255023,0.0,0.0,21693.0,0.0,0.0,0.0,0.0,0.0,0.0,49413.0,0.0,0.0,0.0,71106,0.0,0.0,1.0,0.0,0.0,0.0,0.0,0.0,0.0,1.0,0.0,0.0,0.0,2
03256014,0.0,0.0,0.0,0.0,0.0,0.0,0.0,0.0,0.0,0.0,0.0,0.0,141478.0,141478,0.0,0.0,0.0,0.0,0.0,0.0,0.0,0.0,0.0,0.0,0.0,0.0,2.0,2
03256022,0.0,0.0,0.0,0.0,0.0,0.0,0.0,0.0,0.0,97805.0,0.0,0.0,0.0,97805,0.0,0.0,0.0,0.0,0.0,0.0,0.0,0.0,0.0,1.0,0.0,0.0,0.0,1
03256030,0.0,74682.0,0.0,0.0,0.0,0.0,0.0,0.0,0.0,0.0,0.0,0.0,0.0,74682,0.0,1.0,0.0,0.0,0.0,0.0,0.0,0.0,0.0,0.0,0.0,0.0,0.0,1
03257028,0.0,0.0,0.0,0.0,0.0,0.0,0.0,0.0,0.0,61801.0,0.0,0.0,0.0,61801,0.0,0.0,0.0,0.0,0.0,0.0,0.0,0.0,0.0,1.0,0.0,0.0,0.0,1
03257031,0.0,0.0,0.0,0.0,0.0,0.0,0.0,0.0,0.0,46291.0,24857.0,0.0,0.0,71148,0.0,0.0,0.0,0.0,0.0,0.0,0.0,0.0,0.0,1.0,1.0,0.0,0.0,2
03351016,0.0,0.0,0.0,0.0,0.0,0.0,0.0,0.0,0.0,0.0,0.0,0.0,86195.0,86195,0.0,0.0,0.0,0.0,0.0,0.0,0.0,0.0,0.0,0.0,0.0,0.0,2.0,2
03355013,0.0,0.0,0.0,0.0,0.0,0.0,0.0,0.0,0.0,0.0,66440.0,0.0,0.0,66440,0.0,0.0,0.0,0.0,0.0,0.0,0.0,0.0,0.0,0.0,1.0,0.0,0.0,1
03357057,0.0,0.0,0.0,0.0,0.0,0.0,0.0,0.0,0.0,0.0,60631.0,0.0,0.0,60631,0.0,0.0,0.0,0.0,0.0,0.0,0.0,0.0,0.0,0.0,1.0,0.0,0.0,1
03359038,0.0,31388.0,0.0,391925.0,0.0,0.0,0.0,0.0,0.0,0.0,0.0,0.0,0.0,423313,0.0,6.0,0.0,1.0,0.0,0.0,0.0,0.0,0.0,0.0,0.0,0.0,0.0,7
03360025,0.0,0.0,0.0,0.0,0.0,0.0,0.0,0.0,0.0,0.0,169281.0,0.0,0.0,169281,0.0,0.0,0.0,0.0,0.0,0.0,0.0,0.0,0.0,0.0,1.0,0.0,0.0,1
03404000,0.0,0.0,0.0,14182.0,0.0,0.0,0.0,0.0,0.0,0.0,0.0,6818.0,204573.0,225573,0.0,0.0,0.0,1.0,0.0,0.0,0.0,0.0,0.0,0.0,0.0,1.0,6.0,8
03405000,0.0,141643.0,0.0,0.0,0.0,0.0,0.0,0.0,0.0,0.0,0.0,0.0,0.0,141643,0.0,1.0,0.0,0.0,0.0,0.0,0.0,0.0,0.0,0.0,0.0,0.0,0.0,1
03451002,0.0,0.0,0.0,0.0,0.0,0.0,0.0,40287.0,0.0,0.0,0.0,0.0,0.0,40287,0.0,0.0,0.0,0.0,0.0,0.0,0.0,1.0,0.0,0.0,0.0,0.0,0.0,1
03451004,0.0,0.0,0.0,0.0,0.0,0.0,0.0,0.0,0.0,0.0,46266.0,0.0,0.0,46266,0.0,0.0,0.0,0.0,0.0,0.0,0.0,0.0,0.0,0.0,1.0,0.0,0.0,1
03451008,0.0,0.0,0.0,0.0,0.0,0.0,0.0,0.0,0.0,0.0,31623.0,0.0,0.0,31623,0.0,0.0,0.0,0.0,0.0,0.0,0.0,0.0,0.0,0.0,1.0,0.0,0.0,1
03453004,0.0,0.0,0.0,0.0,0.0,0.0,0.0,0.0,0.0,0.0,61432.0,0.0,0.0,61432,0.0,0.0,0.0,0.0,0.0,0.0,0.0,0.0,0.0,0.0,1.0,0.0,0.0,1
03453006,0.0,0.0,0.0,0.0,0.0,0.0,0.0,0.0,0.0,0.0,40702.0,0.0,0.0,40702,0.0,0.0,0.0,0.0,0.0,0.0,0.0,0.0,0.0,0.0,1.0,0.0,0.0,1
03453011,0.0,0.0,0.0,0.0,0.0,0.0,0.0,0.0,0.0,0.0,17606.0,0.0,0.0,17606,0.0,0.0,0.0,0.0,0.0,0.0,0.0,0.0,0.0,0.0,1.0,0.0,0.0,1
03454008,0.0,0.0,0.0,0.0,0.0,0.0,0.0,0.0,0.0,0.0,0.0,0.0,250645.0,250645,0.0,0.0,0.0,0.0,0.0,0.0,0.0,0.0,0.0,0.0,0.0,0.0,1.0,1
03454018,0.0,0.0,0.0,0.0,0.0,0.0,0.0,0.0,0.0,0.0,0.0,13849.0,0.0,13849,0.0,0.0,0.0,0.0,0.0,0.0,0.0,0.0,0.0,0.0,0.0,1.0,0.0,1
03454032,0.0,0.0,0.0,0.0,0.0,51638.0,0.0,0.0,0.0,0.0,0.0,0.0,0.0,51638,0.0,0.0,0.0,0.0,0.0,1.0,0.0,0.0,0.0,0.0,0.0,0.0,0.0,1
03454035,0.0,0.0,0.0,0.0,0.0,0.0,0.0,0.0,0.0,0.0,0.0,23041.0,0.0,23041,0.0,0.0,0.0,0.0,0.0,0.0,0.0,0.0,0.0,0.0,0.0,1.0,0.0,1
03455025,0.0,0.0,0.0,0.0,0.0,0.0,0.0,5330.0,0.0,0.0,0.0,0.0,0.0,5330,0.0,0.0,0.0,0.0,0.0,0.0,0.0,1.0,0.0,0.0,0.0,0.0,0.0,1
03455026,0.0,0.0,0.0,0.0,0.0,0.0,0.0,0.0,0.0,0.0,0.0,0.0,281612.0,281612,0.0,0.0,0.0,0.0,0.0,0.0,0.0,0.0,0.0,0.0,0.0,0.0,1.0,1
03455027,0.0,0.0,0.0,0.0,0.0,0.0,0.0,7865.0,0.0,0.0,0.0,0.0,0.0,7865,0.0,0.0,0.0,0.0,0.0,0.0,0.0,1.0,0.0,0.0,0.0,0.0,0.0,1
03456002,0.0,0.0,0.0,0.0,0.0,0.0,0.0,0.0,0.0,0.0,3195.0,0.0,0.0,3195,0.0,0.0,0.0,0.0,0.0,0.0,0.0,0.0,0.0,0.0,1.0,0.0,0.0,1
03456023,0.0,0.0,0.0,0.0,0.0,0.0,0.0,8814.0,0.0,0.0,0.0,0.0,0.0,8814,0.0,0.0,0.0,0.0,0.0,0.0,0.0,1.0,0.0,0.0,0.0,0.0,0.0,1
03456027,0.0,0.0,0.0,0.0,0.0,0.0,0.0,6989.0,0.0,0.0,0.0,0.0,0.0,6989,0.0,0.0,0.0,0.0,0.0,0.0,0.0,1.0,0.0,0.0,0.0,0.0,0.0,1
03457021,0.0,0.0,0.0,0.0,0.0,0.0,0.0,0.0,0.0,0.0,0.0,0.0,3812.0,3812,0.0,0.0,0.0,0.0,0.0,0.0,0.0,0.0,0.0,0.0,0.0,0.0,1.0,1
03458007,0.0,702530.0,0.0,0.0,0.0,0.0,0.0,0.0,0.0,0.0,0.0,0.0,0.0,702530,0.0,1.0,0.0,0.0,0.0,0.0,0.0,0.0,0.0,0.0,0.0,0.0,0.0,1
03458010,0.0,0.0,0.0,0.0,0.0,0.0,0.0,13519.0,0.0,0.0,0.0,0.0,0.0,13519,0.0,0.0,0.0,0.0,0.0,0.0,0.0,1.0,0.0,0.0,0.0,0.0,0.0,1
03458014,0.0,0.0,0.0,0.0,0.0,0.0,0.0,0.0,0.0,0.0,48337.0,0.0,0.0,48337,0.0,0.0,0.0,0.0,0.0,0.0,0.0,0.0,0.0,0.0,1.0,0.0,0.0,1
03459003,0.0,0.0,0.0,0.0,0.0,0.0,0.0,14010.0,0.0,0.0,0.0,0.0,0.0,14010,0.0,0.0,0.0,0.0,0.0,0.0,0.0,1.0,0.0,0.0,0.0,0.0,0.0,1
03459005,0.0,0.0,0.0,0.0,0.0,0.0,0.0,15124.0,0.0,0.0,0.0,0.0,0.0,15124,0.0,0.0,0.0,0.0,0.0,0.0,0.0,1.0,0.0,0.0,0.0,0.0,0.0,1
03459014,0.0,0.0,0.0,0.0,0.0,0.0,0.0,16342.0,0.0,0.0,0.0,0.0,0.0,16342,0.0,0.0,0.0,0.0,0.0,0.0,0.0,1.0,0.0,0.0,0.0,0.0,0.0,1
03459019,0.0,0.0,0.0,0.0,0.0,162262.0,0.0,0.0,0.0,0.0,0.0,0.0,0.0,162262,0.0,0.0,0.0,0.0,0.0,3.0,0.0,0.0,0.0,0.0,0.0,0.0,0.0,3
03459020,0.0,0.0,0.0,0.0,0.0,0.0,0.0,12560.0,0.0,0.0,0.0,0.0,0.0,12560,0.0,0.0,0.0,0.0,0.0,0.0,0.0,2.0,0.0,0.0,0.0,0.0,0.0,2
03459024,0.0,0.0,0.0,0.0,0.0,0.0,0.0,14485.0,0.0,0.0,0.0,0.0,0.0,14485,0.0,0.0,0.0,0.0,0.0,0.0,0.0,1.0,0.0,0.0,0.0,0.0,0.0,1
03459028,0.0,0.0,0.0,0.0,0.0,0.0,0.0,0.0,0.0,0.0,0.0,0.0,70779.0,70779,0.0,0.0,0.0,0.0,0.0,0.0,0.0,0.0,0.0,0.0,0.0,0.0,1.0,1
03459033,0.0,0.0,0.0,0.0,0.0,0.0,0.0,5543.0,0.0,0.0,0.0,0.0,0.0,5543,0.0,0.0,0.0,0.0,0.0,0.0,0.0,1.0,0.0,0.0,0.0,0.0,0.0,1
03460009,0.0,0.0,0.0,0.0,0.0,0.0,0.0,13336.0,0.0,0.0,0.0,0.0,0.0,13336,0.0,0.0,0.0,0.0,0.0,0.0,0.0,1.0,0.0,0.0,0.0,0.0,0.0,1
03461002,0.0,0.0,0.0,0.0,0.0,0.0,0.0,0.0,0.0,0.0,17017.0,0.0,0.0,17017,0.0,0.0,0.0,0.0,0.0,0.0,0.0,0.0,0.0,0.0,1.0,0.0,0.0,1
03461004,0.0,0.0,0.0,0.0,0.0,0.0,0.0,0.0,0.0,0.0,0.0,0.0,21922.0,21922,0.0,0.0,0.0,0.0,0.0,0.0,0.0,0.0,0.0,0.0,0.0,0.0,1.0,1
03461007,0.0,132501.0,0.0,89465.0,0.0,0.0,0.0,0.0,0.0,0.0,0.0,18178.0,0.0,240144,0.0,1.0,0.0,2.0,0.0,0.0,0.0,0.0,0.0,0.0,0.0,1.0,0.0,4
03462011,0.0,0.0,0.0,0.0,0.0,0.0,0.0,3362.0,0.0,0.0,0.0,0.0,0.0,3362,0.0,0.0,0.0,0.0,0.0,0.0,0.0,1.0,0.0,0.0,0.0,0.0,0.0,1
04011000,0.0,0.0,39986.0,0.0,4786557.0,620553.0,0.0,0.0,0.0,0.0,119650.0,10254.0,0.0,5577000,0.0,0.0,1.0,0.0,2.0,4.0,0.0,0.0,0.0,0.0,3.0,1.0,0.0,11
04012000,0.0,0.0,0.0,0.0,0.0,0.0,0.0,29055.0,0.0,0.0,0.0,0.0,0.0,29055,0.0,0.0,0.0,0.0,0.0,0.0,0.0,1.0,0.0,0.0,0.0,0.0,0.0,1
05111000,0.0,1131.0,322725.0,0.0,0.0,0.0,0.0,0.0,0.0,0.0,0.0,159957.0,39279.0,523092,0.0,1.0,1.0,0.0,0.0,0.0,0.0,0.0,0.0,0.0,0.0,2.0,2.0,6
05112000,0.0,107021.0,0.0,38809.0,12945647.0,5449678.0,0.0,0.0,0.0,0.0,0.0,0.0,0.0,18541155,0.0,4.0,0.0,1.0,3.0,10.0,0.0,0.0,0.0,0.0,0.0,0.0,0.0,18
05113000,0.0,13710.0,0.0,282592.0,0.0,0.0,0.0,0.0,0.0,158577.0,0.0,0.0,0.0,454879,0.0,1.0,0.0,2.0,0.0,0.0,0.0,0.0,0.0,2.0,0.0,0.0,0.0,5
05114000,12551.0,345276.0,0.0,0.0,0.0,66349.0,0.0,0.0,0.0,0.0,181332.0,9522.0,0.0,615030,1.0,13.0,0.0,0.0,0.0,3.0,0.0,0.0,0.0,0.0,2.0,1.0,0.0,20
05117000,0.0,0.0,0.0,0.0,0.0,33040.0,0.0,0.0,0.0,0.0,0.0,0.0,0.0,33040,0.0,0.0,0.0,0.0,0.0,1.0,0.0,0.0,0.0,0.0,0.0,0.0,0.0,1
05119000,0.0,59235.0,0.0,0.0,0.0,0.0,0.0,0.0,0.0,0.0,0.0,836.0,0.0,60071,0.0,2.0,0.0,0.0,0.0,0.0,0.0,0.0,0.0,0.0,0.0,3.0,0.0,5
05124000,0.0,0.0,40759.0,0.0,0.0,0.0,0.0,0.0,242217.0,0.0,0.0,0.0,0.0,282976,0.0,0.0,1.0,0.0,0.0,0.0,0.0,0.0,1.0,0.0,0.0,0.0,0.0,2
05154008,0.0,75814.0,0.0,15884.0,0.0,0.0,0.0,13245.0,0.0,0.0,0.0,0.0,0.0,104943,0.0,3.0,0.0,1.0,0.0,0.0,0.0,1.0,0.0,0.0,0.0,0.0,0.0,5
05154024,0.0,0.0,0.0,0.0,0.0,0.0,0.0,0.0,0.0,0.0,35776.0,0.0,0.0,35776,0.0,0.0,0.0,0.0,0.0,0.0,0.0,0.0,0.0,0.0,1.0,0.0,0.0,1
05158036,0.0,0.0,0.0,0.0,0.0,0.0,0.0,0.0,1691601.0,0.0,0.0,0.0,0.0,1691601,0.0,0.0,0.0,0.0,0.0,0.0,0.0,0.0,1.0,0.0,0.0,0.0,0.0,1
05162004,0.0,101376.0,0.0,0.0,0.0,0.0,0.0,0.0,0.0,0.0,0.0,0.0,0.0,101376,0.0,4.0,0.0,0.0,0.0,0.0,0.0,0.0,0.0,0.0,0.0,0.0,0.0,4
05162008,0.0,0.0,0.0,52031.0,0.0,0.0,0.0,0.0,0.0,0.0,0.0,0.0,0.0,52031,0.0,0.0,0.0,2.0,0.0,0.0,0.0,0.0,0.0,0.0,0.0,0.0,0.0,2
05162024,0.0,0.0,0.0,574787.0,0.0,0.0,0.0,0.0,0.0,0.0,71347.0,0.0,148949.0,795083,0.0,0.0,0.0,4.0,0.0,0.0,0.0,0.0,0.0,0.0,2.0,0.0,2.0,8
05166004,0.0,0.0,0.0,0.0,0.0,0.0,0.0,20026.0,0.0,0.0,0.0,0.0,0.0,20026,0.0,0.0,0.0,0.0,0.0,0.0,0.0,2.0,0.0,0.0,0.0,0.0,0.0,2
05170024,0.0,259303.0,0.0,0.0,0.0,0.0,0.0,0.0,0.0,0.0,0.0,0.0,0.0,259303,0.0,3.0,0.0,0.0,0.0,0.0,0.0,0.0,0.0,0.0,0.0,0.0,0.0,3
05170032,0.0,165152.0,0.0,0.0,0.0,0.0,0.0,0.0,0.0,0.0,0.0,0.0,0.0,165152,0.0,3.0,0.0,0.0,0.0,0.0,0.0,0.0,0.0,0.0,0.0,0.0,0.0,3
05170036,0.0,0.0,0.0,0.0,0.0,0.0,0.0,2331.0,0.0,0.0,0.0,0.0,0.0,2331,0.0,0.0,0.0,0.0,0.0,0.0,0.0,1.0,0.0,0.0,0.0,0.0,0.0,1
05170044,0.0,0.0,0.0,166116.0,0.0,0.0,0.0,0.0,0.0,0.0,0.0,0.0,0.0,166116,0.0,0.0,0.0,3.0,0.0,0.0,0.0,0.0,0.0,0.0,0.0,0.0,0.0,3
05314000,0.0,0.0,0.0,0.0,0.0,0.0,0.0,0.0,0.0,37217.0,0.0,0.0,0.0,37217,0.0,0.0,0.0,0.0,0.0,0.0,0.0,0.0,0.0,1.0,0.0,0.0,0.0,1
05315000,557368.0,2655816.0,0.0,0.0,0.0,0.0,0.0,0.0,0.0,164856.0,0.0,6211.0,0.0,3384251,1.0,13.0,0.0,0.0,0.0,0.0,0.0,0.0,0.0,1.0,0.0,1.0,0.0,16
05316000,0.0,218439.0,0.0,0.0,0.0,0.0,0.0,0.0,0.0,0.0,0.0,0.0,0.0,218439,0.0,6.0,0.0,0.0,0.0,0.0,0.0,0.0,0.0,0.0,0.0,0.0,0.0,6
05334002,0.0,0.0,0.0,0.0,0.0,0.0,0.0,0.0,0.0,0.0,19469.0,0.0,0.0,19469,0.0,0.0,0.0,0.0,0.0,0.0,0.0,0.0,0.0,0.0,1.0,0.0,0.0,1
05334016,0.0,0.0,0.0,0.0,0.0,0.0,0.0,0.0,0.0,81855.0,0.0,0.0,0.0,81855,0.0,0.0,0.0,0.0,0.0,0.0,0.0,0.0,0.0,1.0,0.0,0.0,0.0,1
05334032,0.0,0.0,0.0,43960.0,0.0,0.0,0.0,0.0,0.0,92580.0,0.0,0.0,0.0,136540,0.0,0.0,0.0,2.0,0.0,0.0,0.0,0.0,0.0,1.0,0.0,0.0,0.0,3
05358008,0.0,0.0,0.0,0.0,0.0,0.0,0.0,0.0,0.0,17799.0,0.0,0.0,165172.0,182971,0.0,0.0,0.0,0.0,0.0,0.0,0.0,0.0,0.0,1.0,0.0,0.0,4.0,5
05358024,0.0,0.0,0.0,0.0,0.0,0.0,0.0,0.0,0.0,0.0,105760.0,0.0,0.0,105760,0.0,0.0,0.0,0.0,0.0,0.0,0.0,0.0,0.0,0.0,1.0,0.0,0.0,1
05358028,0.0,0.0,0.0,0.0,0.0,0.0,0.0,0.0,0.0,0.0,0.0,0.0,194652.0,194652,0.0,0.0,0.0,0.0,0.0,0.0,0.0,0.0,0.0,0.0,0.0,0.0,2.0,2
05362008,0.0,229981.0,0.0,0.0,0.0,0.0,0.0,0.0,0.0,0.0,0.0,0.0,0.0,229981,0.0,1.0,0.0,0.0,0.0,0.0,0.0,0.0,0.0,0.0,0.0,0.0,0.0,1
05362028,0.0,43244.0,0.0,0.0,0.0,0.0,0.0,0.0,0.0,0.0,0.0,0.0,2.0,43246,0.0,5.0,0.0,0.0,0.0,0.0,0.0,0.0,0.0,0.0,0.0,0.0,1.0,6
05362040,0.0,2276634.0,0.0,0.0,0.0,0.0,0.0,0.0,0.0,0.0,0.0,0.0,0.0,2276634,0.0,15.0,0.0,0.0,0.0,0.0,0.0,0.0,0.0,0.0,0.0,0.0,0.0,15
05366004,0.0,0.0,0.0,0.0,0.0,17470.0,0.0,0.0,0.0,0.0,0.0,0.0,0.0,17470,0.0,0.0,0.0,0.0,0.0,1.0,0.0,0.0,0.0,0.0,0.0,0.0,0.0,1
05366016,0.0,0.0,0.0,0.0,0.0,0.0,0.0,0.0,0.0,0.0,68688.0,0.0,6713.0,75401,0.0,0.0,0.0,0.0,0.0,0.0,0.0,0.0,0.0,0.0,1.0,0.0,1.0,2
05366036,0.0,0.0,0.0,0.0,0.0,0.0,0.0,0.0,0.0,0.0,0.0,0.0,2098.0,2098,0.0,0.0,0.0,0.0,0.0,0.0,0.0,0.0,0.0,0.0,0.0,0.0,1.0,1
05366044,0.0,0.0,0.0,0.0,0.0,0.0,0.0,0.0,0.0,0.0,0.0,0.0,253457.0,253457,0.0,0.0,0.0,0.0,0.0,0.0,0.0,0.0,0.0,0.0,0.0,0.0,2.0,2
05370016,0.0,0.0,31737.0,0.0,0.0,0.0,0.0,0.0,0.0,0.0,0.0,0.0,0.0,31737,0.0,0.0,1.0,0.0,0.0,0.0,0.0,0.0,0.0,0.0,0.0,0.0,0.0,1
05378004,0.0,0.0,0.0,0.0,0.0,0.0,0.0,0.0,0.0,46849.0,0.0,0.0,0.0,46849,0.0,0.0,0.0,0.0,0.0,0.0,0.0,0.0,0.0,1.0,0.0,0.0,0.0,1
05382004,0.0,0.0,0.0,0.0,0.0,0.0,0.0,21632.0,0.0,0.0,0.0,0.0,0.0,21632,0.0,0.0,0.0,0.0,0.0,0.0,0.0,1.0,0.0,0.0,0.0,0.0,0.0,1
05382024,0.0,0.0,0.0,0.0,0.0,0.0,0.0,11319.0,0.0,0.0,0.0,0.0,0.0,11319,0.0,0.0,0.0,0.0,0.0,0.0,0.0,1.0,0.0,0.0,0.0,0.0,0.0,1
05382044,0.0,0.0,0.0,0.0,0.0,0.0,0.0,0.0,0.0,0.0,0.0,27323.0,0.0,27323,0.0,0.0,0.0,0.0,0.0,0.0,0.0,0.0,0.0,0.0,0.0,1.0,0.0,1
05382068,0.0,0.0,0.0,0.0,0.0,18918.0,0.0,0.0,0.0,0.0,0.0,0.0,0.0,18918,0.0,0.0,0.0,0.0,0.0,1.0,0.0,0.0,0.0,0.0,0.0,0.0,0.0,1
05512000,0.0,0.0,0.0,0.0,0.0,339930.0,0.0,0.0,0.0,0.0,0.0,0.0,0.0,339930,0.0,0.0,0.0,0.0,0.0,2.0,0.0,0.0,0.0,0.0,0.0,0.0,0.0,2
05513000,0.0,15685.0,0.0,0.0,0.0,32202.0,0.0,0.0,27366.0,11200.0,0.0,0.0,0.0,86453,0.0,1.0,0.0,0.0,0.0,1.0,0.0,0.0,1.0,1.0,0.0,0.0,0.0,4
05515000,0.0,13096.0,0.0,0.0,0.0,0.0,0.0,8397.0,0.0,0.0,0.0,0.0,0.0,21493,0.0,1.0,0.0,0.0,0.0,0.0,0.0,1.0,0.0,0.0,0.0,0.0,0.0,2
05554056,0.0,0.0,0.0,0.0,0.0,0.0,0.0,3737.0,0.0,0.0,0.0,0.0,0.0,3737,0.0,0.0,0.0,0.0,0.0,0.0,0.0,1.0,0.0,0.0,0.0,0.0,0.0,1
05554068,0.0,0.0,0.0,0.0,0.0,0.0,0.0,0.0,0.0,0.0,0.0,0.0,34049.0,34049,0.0,0.0,0.0,0.0,0.0,0.0,0.0,0.0,0.0,0.0,0.0,0.0,1.0,1
05558008,0.0,0.0,0.0,0.0,0.0,0.0,0.0,0.0,0.0,0.0,18590.0,0.0,0.0,18590,0.0,0.0,0.0,0.0,0.0,0.0,0.0,0.0,0.0,0.0,1.0,0.0,0.0,1
05558032,0.0,0.0,0.0,0.0,0.0,0.0,0.0,18212.0,0.0,0.0,0.0,0.0,0.0,18212,0.0,0.0,0.0,0.0,0.0,0.0,0.0,1.0,0.0,0.0,0.0,0.0,0.0,1
05562004,0.0,129391.0,0.0,0.0,0.0,0.0,0.0,0.0,0.0,0.0,0.0,0.0,0.0,129391,0.0,1.0,0.0,0.0,0.0,0.0,0.0,0.0,0.0,0.0,0.0,0.0,0.0,1
05562014,0.0,6798.0,0.0,0.0,0.0,0.0,0.0,0.0,0.0,250489.0,0.0,0.0,0.0,257287,0.0,1.0,0.0,0.0,0.0,0.0,0.0,0.0,0.0,2.0,0.0,0.0,0.0,3
05562024,0.0,562743.0,0.0,0.0,0.0,0.0,0.0,0.0,0.0,0.0,0.0,0.0,0.0,562743,0.0,10.0,0.0,0.0,0.0,0.0,0.0,0.0,0.0,0.0,0.0,0.0,0.0,10
05566016,0.0,0.0,0.0,0.0,0.0,0.0,0.0,6721.0,0.0,0.0,0.0,0.0,0.0,6721,0.0,0.0,0.0,0.0,0.0,0.0,0.0,1.0,0.0,0.0,0.0,0.0,0.0,1
05566028,0.0,0.0,0.0,0.0,0.0,0.0,0.0,0.0,0.0,0.0,56499.0,0.0,0.0,56499,0.0,0.0,0.0,0.0,0.0,0.0,0.0,0.0,0.0,0.0,1.0,0.0,0.0,1
05566040,0.0,0.0,0.0,0.0,0.0,0.0,1074137.0,0.0,0.0,0.0,0.0,0.0,0.0,1074137,0.0,0.0,0.0,0.0,0.0,0.0,2.0,0.0,0.0,0.0,0.0,0.0,0.0,2
05566044,0.0,0.0,0.0,0.0,0.0,0.0,0.0,0.0,152553.0,0.0,0.0,0.0,0.0,152553,0.0,0.0,0.0,0.0,0.0,0.0,0.0,0.0,1.0,0.0,0.0,0.0,0.0,1
05566072,0.0,0.0,0.0,0.0,0.0,0.0,0.0,13852.0,0.0,0.0,0.0,0.0,0.0,13852,0.0,0.0,0.0,0.0,0.0,0.0,0.0,1.0,0.0,0.0,0.0,0.0,0.0,1
05566076,0.0,0.0,0.0,0.0,0.0,0.0,0.0,0.0,27221.0,0.0,0.0,0.0,0.0,27221,0.0,0.0,0.0,0.0,0.0,0.0,0.0,0.0,1.0,0.0,0.0,0.0,0.0,1
05566092,0.0,0.0,0.0,0.0,0.0,0.0,0.0,7069.0,0.0,0.0,0.0,0.0,0.0,7069,0.0,0.0,0.0,0.0,0.0,0.0,0.0,1.0,0.0,0.0,0.0,0.0,0.0,1
05570008,0.0,0.0,0.0,0.0,0.0,0.0,876882.0,0.0,0.0,0.0,0.0,0.0,0.0,876882,0.0,0.0,0.0,0.0,0.0,0.0,2.0,0.0,0.0,0.0,0.0,0.0,0.0,2
05570020,0.0,0.0,0.0,0.0,0.0,0.0,549576.0,0.0,0.0,0.0,0.0,0.0,0.0,549576,0.0,0.0,0.0,0.0,0.0,0.0,1.0,0.0,0.0,0.0,0.0,0.0,0.0,1
05711000,0.0,0.0,0.0,0.0,0.0,0.0,0.0,0.0,0.0,0.0,0.0,0.0,8678.0,8678,0.0,0.0,0.0,0.0,0.0,0.0,0.0,0.0,0.0,0.0,0.0,0.0,1.0,1
05754008,0.0,0.0,0.0,0.0,0.0,0.0,0.0,0.0,0.0,0.0,0.0,76055.0,0.0,76055,0.0,0.0,0.0,0.0,0.0,0.0,0.0,0.0,0.0,0.0,0.0,2.0,0.0,2
05754012,0.0,0.0,0.0,0.0,0.0,0.0,0.0,0.0,16115.0,0.0,44633.0,0.0,0.0,60748,0.0,0.0,0.0,0.0,0.0,0.0,0.0,0.0,1.0,0.0,1.0,0.0,0.0,2
05754028,0.0,0.0,0.0,0.0,0.0,0.0,0.0,0.0,0.0,0.0,0.0,6767.0,0.0,6767,0.0,0.0,0.0,0.0,0.0,0.0,0.0,0.0,0.0,0.0,0.0,1.0,0.0,1
05754032,0.0,0.0,0.0,0.0,0.0,0.0,0.0,17059.0,0.0,0.0,0.0,0.0,0.0,17059,0.0,0.0,0.0,0.0,0.0,0.0,0.0,1.0,0.0,0.0,0.0,0.0,0.0,1
05762032,0.0,0.0,0.0,0.0,0.0,0.0,0.0,18239.0,0.0,0.0,0.0,11266.0,0.0,29505,0.0,0.0,0.0,0.0,0.0,0.0,0.0,1.0,0.0,0.0,0.0,1.0,0.0,2
05762036,0.0,0.0,0.0,0.0,0.0,0.0,0.0,22430.0,0.0,0.0,0.0,0.0,0.0,22430,0.0,0.0,0.0,0.0,0.0,0.0,0.0,1.0,0.0,0.0,0.0,0.0,0.0,1
05766036,0.0,0.0,0.0,0.0,0.0,0.0,0.0,21275.0,0.0,0.0,0.0,0.0,0.0,21275,0.0,0.0,0.0,0.0,0.0,0.0,0.0,1.0,0.0,0.0,0.0,0.0,0.0,1
05766040,0.0,0.0,0.0,0.0,0.0,0.0,0.0,0.0,0.0,0.0,53109.0,0.0,0.0,53109,0.0,0.0,0.0,0.0,0.0,0.0,0.0,0.0,0.0,0.0,1.0,0.0,0.0,1
05770016,0.0,0.0,0.0,0.0,0.0,0.0,0.0,8677.0,0.0,0.0,0.0,0.0,0.0,8677,0.0,0.0,0.0,0.0,0.0,0.0,0.0,1.0,0.0,0.0,0.0,0.0,0.0,1
05770024,0.0,0.0,11503.0,0.0,0.0,0.0,0.0,0.0,0.0,0.0,0.0,0.0,0.0,11503,0.0,0.0,1.0,0.0,0.0,0.0,0.0,0.0,0.0,0.0,0.0,0.0,0.0,1
05770028,0.0,0.0,0.0,0.0,0.0,0.0,0.0,14949.0,0.0,0.0,0.0,0.0,0.0,14949,0.0,0.0,0.0,0.0,0.0,0.0,0.0,1.0,0.0,0.0,0.0,0.0,0.0,1
05770040,0.0,0.0,0.0,0.0,0.0,0.0,0.0,12111.0,0.0,0.0,0.0,0.0,0.0,12111,0.0,0.0,0.0,0.0,0.0,0.0,0.0,1.0,0.0,0.0,0.0,0.0,0.0,1
05774032,0.0,0.0,0.0,0.0,0.0,0.0,275915.0,0.0,0.0,0.0,17023.0,0.0,0.0,292938,0.0,0.0,0.0,0.0,0.0,0.0,1.0,0.0,0.0,0.0,2.0,0.0,0.0,3
05911000,0.0,0.0,0.0,0.0,0.0,213193.0,0.0,19645.0,0.0,0.0,0.0,12703.0,0.0,245541,0.0,0.0,0.0,0.0,0.0,4.0,0.0,1.0,0.0,0.0,0.0,1.0,0.0,6
05913000,0.0,279239.0,0.0,0.0,0.0,65392.0,0.0,0.0,0.0,0.0,0.0,0.0,0.0,344631,0.0,1.0,0.0,0.0,0.0,3.0,0.0,0.0,0.0,0.0,0.0,0.0,0.0,4
05914000,0.0,0.0,0.0,0.0,0.0,117431.0,0.0,0.0,0.0,0.0,0.0,0.0,100800.0,218231,0.0,0.0,0.0,0.0,0.0,2.0,0.0,0.0,0.0,0.0,0.0,0.0,1.0,3
05915000,0.0,13158.0,0.0,0.0,0.0,0.0,0.0,0.0,0.0,0.0,40100.0,0.0,0.0,53258,0.0,1.0,0.0,0.0,0.0,0.0,0.0,0.0,0.0,0.0,1.0,0.0,0.0,2
05916000,0.0,184530.0,0.0,0.0,0.0,0.0,0.0,0.0,0.0,0.0,0.0,0.0,0.0,184530,0.0,3.0,0.0,0.0,0.0,0.0,0.0,0.0,0.0,0.0,0.0,0.0,0.0,3
05954016,0.0,0.0,0.0,0.0,0.0,1308.0,0.0,0.0,0.0,0.0,0.0,0.0,0.0,1308,0.0,0.0,0.0,0.0,0.0,1.0,0.0,0.0,0.0,0.0,0.0,0.0,0.0,1
05954024,0.0,0.0,0.0,0.0,0.0,0.0,0.0,0.0,0.0,0.0,0.0,0.0,1570.0,1570,0.0,0.0,0.0,0.0,0.0,0.0,0.0,0.0,0.0,0.0,0.0,0.0,1.0,1
05954036,0.0,22493.0,0.0,0.0,0.0,58099.0,0.0,0.0,0.0,0.0,0.0,0.0,0.0,80592,0.0,1.0,0.0,0.0,0.0,3.0,0.0,0.0,0.0,0.0,0.0,0.0,0.0,4
05958004,0.0,63591.0,0.0,0.0,0.0,0.0,0.0,0.0,0.0,0.0,0.0,6624.0,172910.0,243125,0.0,1.0,0.0,0.0,0.0,0.0,0.0,0.0,0.0,0.0,0.0,1.0,2.0,4
05958012,0.0,0.0,0.0,0.0,0.0,0.0,0.0,0.0,53492.0,0.0,0.0,20632.0,0.0,74124,0.0,0.0,0.0,0.0,0.0,0.0,0.0,0.0,1.0,0.0,0.0,1.0,0.0,2
05958024,0.0,0.0,0.0,0.0,0.0,0.0,0.0,0.0,0.0,19241.0,0.0,0.0,21837.0,41078,0.0,0.0,0.0,0.0,0.0,0.0,0.0,0.0,0.0,1.0,0.0,0.0,1.0,2
05958032,0.0,0.0,0.0,0.0,0.0,0.0,0.0,0.0,0.0,0.0,12022.0,0.0,0.0,12022,0.0,0.0,0.0,0.0,0.0,0.0,0.0,0.0,0.0,0.0,1.0,0.0,0.0,1
05958044,0.0,0.0,0.0,0.0,0.0,0.0,0.0,0.0,0.0,0.0,0.0,0.0,2968.0,2968,0.0,0.0,0.0,0.0,0.0,0.0,0.0,0.0,0.0,0.0,0.0,0.0,1.0,1
05962036,0.0,0.0,0.0,12971.0,0.0,0.0,0.0,0.0,0.0,0.0,0.0,0.0,0.0,12971,0.0,0.0,0.0,1.0,0.0,0.0,0.0,0.0,0.0,0.0,0.0,0.0,0.0,1
05962040,0.0,0.0,0.0,0.0,0.0,0.0,0.0,0.0,767628.0,0.0,0.0,0.0,0.0,767628,0.0,0.0,0.0,0.0,0.0,0.0,0.0,0.0,1.0,0.0,0.0,0.0,0.0,1
05966012,0.0,0.0,0.0,0.0,0.0,26202.0,0.0,0.0,0.0,0.0,0.0,0.0,0.0,26202,0.0,0.0,0.0,0.0,0.0,1.0,0.0,0.0,0.0,0.0,0.0,0.0,0.0,1
05966016,0.0,0.0,0.0,0.0,0.0,0.0,0.0,0.0,0.0,0.0,0.0,0.0,11403.0,11403,0.0,0.0,0.0,0.0,0.0,0.0,0.0,0.0,0.0,0.0,0.0,0.0,1.0,1
05966020,0.0,0.0,0.0,0.0,0.0,0.0,0.0,0.0,18724.0,0.0,0.0,0.0,0.0,18724,0.0,0.0,0.0,0.0,0.0,0.0,0.0,0.0,1.0,0.0,0.0,0.0,0.0,1
05970024,0.0,0.0,0.0,0.0,0.0,44336.0,0.0,0.0,0.0,0.0,30535.0,0.0,0.0,74871,0.0,0.0,0.0,0.0,0.0,2.0,0.0,0.0,0.0,0.0,2.0,0.0,0.0,4
05970040,0.0,0.0,0.0,0.0,0.0,136016.0,0.0,0.0,0.0,0.0,0.0,0.0,0.0,136016,0.0,0.0,0.0,0.0,0.0,4.0,0.0,0.0,0.0,0.0,0.0,0.0,0.0,4
05974016,0.0,0.0,0.0,0.0,0.0,0.0,1610442.0,0.0,135099.0,0.0,0.0,0.0,0.0,1745541,0.0,0.0,0.0,0.0,0.0,0.0,3.0,0.0,1.0,0.0,0.0,0.0,0.0,4
05974020,0.0,0.0,0.0,0.0,0.0,0.0,1012572.0,0.0,0.0,0.0,0.0,0.0,0.0,1012572,0.0,0.0,0.0,0.0,0.0,0.0,2.0,0.0,0.0,0.0,0.0,0.0,0.0,2
05974036,0.0,0.0,0.0,0.0,0.0,0.0,0.0,0.0,0.0,0.0,0.0,457.0,0.0,457,0.0,0.0,0.0,0.0,0.0,0.0,0.0,0.0,0.0,0.0,0.0,1.0,0.0,1
05974044,0.0,0.0,0.0,0.0,0.0,0.0,0.0,0.0,150047.0,0.0,0.0,0.0,0.0,150047,0.0,0.0,0.0,0.0,0.0,0.0,0.0,0.0,1.0,0.0,0.0,0.0,0.0,1
05978004,0.0,0.0,35664.0,0.0,0.0,0.0,0.0,0.0,0.0,0.0,0.0,0.0,0.0,35664,0.0,0.0,1.0,0.0,0.0,0.0,0.0,0.0,0.0,0.0,0.0,0.0,0.0,1
05978024,0.0,0.0,0.0,162276.0,0.0,0.0,0.0,0.0,0.0,57349.0,0.0,0.0,0.0,219625,0.0,0.0,0.0,1.0,0.0,0.0,0.0,0.0,0.0,1.0,0.0,0.0,0.0,2
05978028,0.0,0.0,0.0,0.0,0.0,9127.0,0.0,0.0,0.0,0.0,0.0,0.0,0.0,9127,0.0,0.0,0.0,0.0,0.0,1.0,0.0,0.0,0.0,0.0,0.0,0.0,0.0,1
05978036,0.0,0.0,0.0,0.0,0.0,20998.0,0.0,0.0,0.0,0.0,0.0,0.0,0.0,20998,0.0,0.0,0.0,0.0,0.0,1.0,0.0,0.0,0.0,0.0,0.0,0.0,0.0,1
06411000,0.0,72700.0,0.0,0.0,0.0,0.0,0.0,0.0,0.0,0.0,0.0,0.0,0.0,72700,0.0,1.0,0.0,0.0,0.0,0.0,0.0,0.0,0.0,0.0,0.0,0.0,0.0,1
06412000,0.0,56451.0,0.0,0.0,0.0,0.0,0.0,0.0,0.0,0.0,0.0,1367.0,0.0,57818,0.0,4.0,0.0,0.0,0.0,0.0,0.0,0.0,0.0,0.0,0.0,1.0,0.0,5
06414000,0.0,0.0,0.0,0.0,0.0,0.0,199685.0,0.0,0.0,0.0,0.0,0.0,0.0,199685,0.0,0.0,0.0,0.0,0.0,0.0,1.0,0.0,0.0,0.0,0.0,0.0,0.0,1
06431013,0.0,40621.0,0.0,0.0,0.0,0.0,0.0,0.0,0.0,0.0,0.0,0.0,0.0,40621,0.0,1.0,0.0,0.0,0.0,0.0,0.0,0.0,0.0,0.0,0.0,0.0,0.0,1
06432014,0.0,0.0,0.0,0.0,0.0,0.0,0.0,0.0,0.0,0.0,0.0,0.0,35.0,35,0.0,0.0,0.0,0.0,0.0,0.0,0.0,0.0,0.0,0.0,0.0,0.0,1.0,1
06432023,0.0,0.0,0.0,0.0,0.0,0.0,0.0,0.0,0.0,0.0,0.0,10791.0,0.0,10791,0.0,0.0,0.0,0.0,0.0,0.0,0.0,0.0,0.0,0.0,0.0,1.0,0.0,1
06435014,0.0,0.0,0.0,0.0,0.0,0.0,0.0,0.0,0.0,0.0,0.0,23487.0,0.0,23487,0.0,0.0,0.0,0.0,0.0,0.0,0.0,0.0,0.0,0.0,0.0,1.0,0.0,1
06438004,0.0,0.0,0.0,0.0,0.0,0.0,0.0,10109.0,0.0,0.0,0.0,0.0,0.0,10109,0.0,0.0,0.0,0.0,0.0,0.0,0.0,1.0,0.0,0.0,0.0,0.0,0.0,1
06440016,0.0,0.0,0.0,0.0,0.0,0.0,0.0,0.0,0.0,0.0,0.0,0.0,13152.0,13152,0.0,0.0,0.0,0.0,0.0,0.0,0.0,0.0,0.0,0.0,0.0,0.0,1.0,1
06531017,0.0,0.0,0.0,0.0,0.0,0.0,0.0,14152.0,0.0,0.0,0.0,0.0,0.0,14152,0.0,0.0,0.0,0.0,0.0,0.0,0.0,1.0,0.0,0.0,0.0,0.0,0.0,1
06532006,0.0,0.0,0.0,0.0,0.0,27074.0,0.0,11593.0,0.0,3777.0,0.0,0.0,0.0,42444,0.0,0.0,0.0,0.0,0.0,1.0,0.0,1.0,0.0,1.0,0.0,0.0,0.0,3
06532023,0.0,0.0,0.0,0.0,0.0,95559.0,0.0,0.0,0.0,0.0,0.0,0.0,0.0,95559,0.0,0.0,0.0,0.0,0.0,4.0,0.0,0.0,0.0,0.0,0.0,0.0,0.0,4
06533013,0.0,0.0,0.0,0.0,0.0,0.0,0.0,0.0,291171.0,0.0,0.0,0.0,0.0,291171,0.0,0.0,0.0,0.0,0.0,0.0,0.0,0.0,1.0,0.0,0.0,0.0,0.0,1
06611000,0.0,0.0,0.0,0.0,0.0,0.0,0.0,0.0,0.0,0.0,0.0,14149.0,0.0,14149,0.0,0.0,0.0,0.0,0.0,0.0,0.0,0.0,0.0,0.0,0.0,1.0,0.0,1
06631009,0.0,0.0,0.0,0.0,0.0,0.0,0.0,0.0,0.0,0.0,0.0,0.0,170014.0,170014,0.0,0.0,0.0,0.0,0.0,0.0,0.0,0.0,0.0,0.0,0.0,0.0,1.0,1
06631011,0.0,0.0,0.0,0.0,0.0,0.0,125354.0,0.0,56386.0,0.0,0.0,0.0,0.0,181740,0.0,0.0,0.0,0.0,0.0,0.0,1.0,0.0,1.0,0.0,0.0,0.0,0.0,2
06631018,51356.0,0.0,0.0,0.0,0.0,0.0,0.0,0.0,0.0,0.0,0.0,0.0,0.0,51356,2.0,0.0,0.0,0.0,0.0,0.0,0.0,0.0,0.0,0.0,0.0,0.0,0.0,2
06632009,207817.0,0.0,0.0,0.0,0.0,0.0,0.0,0.0,0.0,0.0,0.0,0.0,0.0,207817,2.0,0.0,0.0,0.0,0.0,0.0,0.0,0.0,0.0,0.0,0.0,0.0,0.0,2
06632016,383468.0,0.0,0.0,0.0,0.0,0.0,0.0,0.0,0.0,0.0,0.0,0.0,0.0,383468,2.0,0.0,0.0,0.0,0.0,0.0,0.0,0.0,0.0,0.0,0.0,0.0,0.0,2
06634014,0.0,0.0,3959.0,0.0,0.0,0.0,0.0,0.0,0.0,0.0,0.0,0.0,0.0,3959,0.0,0.0,1.0,0.0,0.0,0.0,0.0,0.0,0.0,0.0,0.0,0.0,0.0,1
06634025,0.0,0.0,0.0,0.0,0.0,0.0,0.0,0.0,0.0,0.0,46847.0,0.0,0.0,46847,0.0,0.0,0.0,0.0,0.0,0.0,0.0,0.0,0.0,0.0,1.0,0.0,0.0,1
06635008,0.0,0.0,0.0,0.0,0.0,0.0,0.0,0.0,0.0,0.0,0.0,0.0,77338.0,77338,0.0,0.0,0.0,0.0,0.0,0.0,0.0,0.0,0.0,0.0,0.0,0.0,2.0,2
06635014,0.0,0.0,0.0,0.0,0.0,0.0,0.0,0.0,0.0,0.0,0.0,0.0,2198.0,2198,0.0,0.0,0.0,0.0,0.0,0.0,0.0,0.0,0.0,0.0,0.0,0.0,1.0,1
06636008,0.0,0.0,0.0,0.0,0.0,0.0,0.0,0.0,44080.0,0.0,0.0,0.0,0.0,44080,0.0,0.0,0.0,0.0,0.0,0.0,0.0,0.0,1.0,0.0,0.0,0.0,0.0,1
06636016,0.0,0.0,0.0,0.0,0.0,0.0,0.0,0.0,0.0,0.0,0.0,0.0,31877.0,31877,0.0,0.0,0.0,0.0,0.0,0.0,0.0,0.0,0.0,0.0,0.0,0.0,2.0,2
07111000,0.0,0.0,0.0,51084.0,0.0,0.0,0.0,0.0,0.0,0.0,0.0,0.0,14569.0,65653,0.0,0.0,0.0,2.0,0.0,0.0,0.0,0.0,0.0,0.0,0.0,0.0,1.0,3
07131077,0.0,0.0,0.0,0.0,0.0,0.0,0.0,22801.0,0.0,0.0,0.0,0.0,0.0,22801,0.0,0.0,0.0,0.0,0.0,0.0,0.0,1.0,0.0,0.0,0.0,0.0,0.0,1
07132001,0.0,0.0,0.0,0.0,0.0,0.0,0.0,0.0,0.0,0.0,0.0,0.0,2357.0,2357,0.0,0.0,0.0,0.0,0.0,0.0,0.0,0.0,0.0,0.0,0.0,0.0,1.0,1
07133006,0.0,0.0,0.0,0.0,0.0,0.0,0.0,0.0,0.0,0.0,0.0,48900.0,9725.0,58625,0.0,0.0,0.0,0.0,0.0,0.0,0.0,0.0,0.0,0.0,0.0,1.0,1.0,2
07133054,0.0,0.0,0.0,0.0,0.0,0.0,0.0,0.0,0.0,0.0,0.0,0.0,5140.0,5140,0.0,0.0,0.0,0.0,0.0,0.0,0.0,0.0,0.0,0.0,0.0,0.0,1.0,1
07137003,0.0,0.0,0.0,0.0,0.0,64337.0,0.0,0.0,0.0,0.0,0.0,0.0,0.0,64337,0.0,0.0,0.0,0.0,0.0,1.0,0.0,0.0,0.0,0.0,0.0,0.0,0.0,1
07137057,0.0,0.0,0.0,0.0,0.0,0.0,0.0,4342.0,0.0,0.0,0.0,0.0,0.0,4342,0.0,0.0,0.0,0.0,0.0,0.0,0.0,1.0,0.0,0.0,0.0,0.0,0.0,1
07137068,0.0,0.0,0.0,0.0,0.0,0.0,0.0,0.0,0.0,0.0,0.0,0.0,209654.0,209654,0.0,0.0,0.0,0.0,0.0,0.0,0.0,0.0,0.0,0.0,0.0,0.0,1.0,1
07138004,0.0,144239.0,0.0,0.0,0.0,0.0,0.0,0.0,0.0,0.0,0.0,0.0,0.0,144239,0.0,1.0,0.0,0.0,0.0,0.0,0.0,0.0,0.0,0.0,0.0,0.0,0.0,1
07138053,0.0,0.0,0.0,0.0,0.0,0.0,0.0,0.0,0.0,0.0,0.0,5.0,0.0,5,0.0,0.0,0.0,0.0,0.0,0.0,0.0,0.0,0.0,0.0,0.0,1.0,0.0,1
07138059,0.0,0.0,0.0,0.0,0.0,0.0,0.0,0.0,0.0,0.0,0.0,0.0,25141.0,25141,0.0,0.0,0.0,0.0,0.0,0.0,0.0,0.0,0.0,0.0,0.0,0.0,1.0,1
07141051,0.0,0.0,0.0,0.0,0.0,0.0,0.0,0.0,329557.0,0.0,0.0,0.0,0.0,329557,0.0,0.0,0.0,0.0,0.0,0.0,0.0,0.0,1.0,0.0,0.0,0.0,0.0,1
07141075,0.0,0.0,0.0,0.0,0.0,0.0,0.0,0.0,0.0,0.0,0.0,0.0,10479.0,10479,0.0,0.0,0.0,0.0,0.0,0.0,0.0,0.0,0.0,0.0,0.0,0.0,1.0,1
07143003,0.0,0.0,0.0,0.0,0.0,0.0,0.0,12861.0,0.0,0.0,0.0,0.0,0.0,12861,0.0,0.0,0.0,0.0,0.0,0.0,0.0,1.0,0.0,0.0,0.0,0.0,0.0,1
07143032,0.0,0.0,0.0,0.0,0.0,0.0,0.0,9889.0,0.0,0.0,0.0,0.0,0.0,9889,0.0,0.0,0.0,0.0,0.0,0.0,0.0,1.0,0.0,0.0,0.0,0.0,0.0,1
07143062,0.0,0.0,0.0,0.0,0.0,0.0,0.0,33671.0,0.0,0.0,0.0,0.0,0.0,33671,0.0,0.0,0.0,0.0,0.0,0.0,0.0,3.0,0.0,0.0,0.0,0.0,0.0,3
07143073,0.0,0.0,0.0,0.0,0.0,0.0,0.0,11011.0,0.0,0.0,0.0,0.0,0.0,11011,0.0,0.0,0.0,0.0,0.0,0.0,0.0,1.0,0.0,0.0,0.0,0.0,0.0,1
07143081,0.0,0.0,0.0,0.0,0.0,0.0,0.0,0.0,0.0,67280.0,0.0,0.0,0.0,67280,0.0,0.0,0.0,0.0,0.0,0.0,0.0,0.0,0.0,1.0,0.0,0.0,0.0,1
07211000,0.0,0.0,0.0,0.0,0.0,19159.0,0.0,0.0,0.0,0.0,0.0,0.0,0.0,19159,0.0,0.0,0.0,0.0,0.0,1.0,0.0,0.0,0.0,0.0,0.0,0.0,0.0,1
07231502,0.0,0.0,0.0,0.0,0.0,0.0,0.0,0.0,0.0,0.0,0.0,1459.0,0.0,1459,0.0,0.0,0.0,0.0,0.0,0.0,0.0,0.0,0.0,0.0,0.0,1.0,0.0,1
07232018,0.0,0.0,0.0,0.0,0.0,0.0,0.0,0.0,0.0,0.0,17904.0,0.0,0.0,17904,0.0,0.0,0.0,0.0,0.0,0.0,0.0,0.0,0.0,0.0,1.0,0.0,0.0,1
07232295,0.0,0.0,0.0,0.0,0.0,0.0,0.0,0.0,0.0,0.0,30606.0,0.0,0.0,30606,0.0,0.0,0.0,0.0,0.0,0.0,0.0,0.0,0.0,0.0,1.0,0.0,0.0,1
07233076,0.0,0.0,0.0,0.0,0.0,0.0,157256.0,0.0,52957.0,0.0,0.0,0.0,0.0,210213,0.0,0.0,0.0,0.0,0.0,0.0,1.0,0.0,1.0,0.0,0.0,0.0,0.0,2
07314000,788918.0,6661404.0,0.0,0.0,0.0,0.0,0.0,24929.0,0.0,0.0,0.0,30878.0,0.0,7506129,2.0,42.0,0.0,0.0,0.0,0.0,0.0,2.0,0.0,0.0,0.0,1.0,0.0,47
07315000,0.0,22705.0,0.0,0.0,0.0,0.0,0.0,0.0,0.0,39904.0,57340.0,0.0,7640.0,127589,0.0,1.0,0.0,0.0,0.0,0.0,0.0,0.0,0.0,2.0,1.0,0.0,1.0,5
07318000,0.0,0.0,0.0,0.0,0.0,0.0,0.0,0.0,0.0,50674.0,0.0,0.0,0.0,50674,0.0,0.0,0.0,0.0,0.0,0.0,0.0,0.0,0.0,1.0,0.0,0.0,0.0,1
07319000,0.0,365843.0,0.0,0.0,0.0,0.0,0.0,0.0,0.0,0.0,0.0,0.0,0.0,365843,0.0,4.0,0.0,0.0,0.0,0.0,0.0,0.0,0.0,0.0,0.0,0.0,0.0,4
07331072,0.0,0.0,0.0,0.0,0.0,0.0,0.0,28996.0,0.0,0.0,0.0,0.0,0.0,28996,0.0,0.0,0.0,0.0,0.0,0.0,0.0,1.0,0.0,0.0,0.0,0.0,0.0,1
07332002,0.0,0.0,0.0,0.0,0.0,0.0,0.0,0.0,0.0,0.0,0.0,0.0,462.0,462,0.0,0.0,0.0,0.0,0.0,0.0,0.0,0.0,0.0,0.0,0.0,0.0,2.0,2
07332037,0.0,0.0,0.0,0.0,0.0,0.0,0.0,0.0,0.0,0.0,0.0,0.0,28430.0,28430,0.0,0.0,0.0,0.0,0.0,0.0,0.0,0.0,0.0,0.0,0.0,0.0,1.0,1
07332041,0.0,0.0,0.0,0.0,0.0,0.0,0.0,0.0,0.0,0.0,126739.0,0.0,0.0,126739,0.0,0.0,0.0,0.0,0.0,0.0,0.0,0.0,0.0,0.0,1.0,0.0,0.0,1
07333019,0.0,0.0,0.0,0.0,0.0,0.0,0.0,11311.0,0.0,0.0,0.0,0.0,0.0,11311,0.0,0.0,0.0,0.0,0.0,0.0,0.0,2.0,0.0,0.0,0.0,0.0,0.0,2
07333026,0.0,0.0,0.0,0.0,0.0,0.0,750417.0,0.0,0.0,0.0,0.0,0.0,0.0,750417,0.0,0.0,0.0,0.0,0.0,0.0,1.0,0.0,0.0,0.0,0.0,0.0,0.0,1
07334007,0.0,0.0,0.0,0.0,0.0,0.0,0.0,0.0,0.0,82903.0,0.0,9721.0,0.0,92624,0.0,0.0,0.0,0.0,0.0,0.0,0.0,0.0,0.0,1.0,0.0,1.0,0.0,2
07334501,0.0,0.0,0.0,0.0,0.0,0.0,0.0,0.0,0.0,0.0,0.0,46509.0,52572.0,99081,0.0,0.0,0.0,0.0,0.0,0.0,0.0,0.0,0.0,0.0,0.0,2.0,1.0,3
07337501,0.0,0.0,0.0,0.0,0.0,0.0,0.0,0.0,0.0,0.0,0.0,0.0,86729.0,86729,0.0,0.0,0.0,0.0,0.0,0.0,0.0,0.0,0.0,0.0,0.0,0.0,1.0,1
07339030,0.0,0.0,26878.0,0.0,0.0,0.0,0.0,0.0,0.0,0.0,0.0,0.0,0.0,26878,0.0,0.0,1.0,0.0,0.0,0.0,0.0,0.0,0.0,0.0,0.0,0.0,0.0,1
08111000,0.0,0.0,0.0,0.0,0.0,0.0,0.0,0.0,0.0,0.0,0.0,254.0,0.0,254,0.0,0.0,0.0,0.0,0.0,0.0,0.0,0.0,0.0,0.0,0.0,1.0,0.0,1
08115045,0.0,0.0,0.0,0.0,0.0,0.0,0.0,0.0,0.0,0.0,0.0,243988.0,0.0,243988,0.0,0.0,0.0,0.0,0.0,0.0,0.0,0.0,0.0,0.0,0.0,1.0,0.0,1
08115052,0.0,0.0,0.0,0.0,0.0,0.0,0.0,0.0,0.0,0.0,0.0,48.0,0.0,48,0.0,0.0,0.0,0.0,0.0,0.0,0.0,0.0,0.0,0.0,0.0,1.0,0.0,1
08116014,0.0,0.0,0.0,16533.0,0.0,0.0,0.0,0.0,0.0,0.0,0.0,0.0,0.0,16533,0.0,0.0,0.0,1.0,0.0,0.0,0.0,0.0,0.0,0.0,0.0,0.0,0.0,1
08118010,0.0,0.0,0.0,0.0,0.0,0.0,0.0,5220.0,0.0,0.0,0.0,0.0,0.0,5220,0.0,0.0,0.0,0.0,0.0,0.0,0.0,1.0,0.0,0.0,0.0,0.0,0.0,1
08125056,0.0,0.0,0.0,0.0,0.0,0.0,0.0,0.0,24769.0,0.0,0.0,0.0,0.0,24769,0.0,0.0,0.0,0.0,0.0,0.0,0.0,0.0,1.0,0.0,0.0,0.0,0.0,1
08125063,0.0,0.0,0.0,0.0,0.0,0.0,0.0,0.0,0.0,0.0,0.0,0.0,6409.0,6409,0.0,0.0,0.0,0.0,0.0,0.0,0.0,0.0,0.0,0.0,0.0,0.0,1.0,1
08125065,0.0,0.0,0.0,0.0,0.0,0.0,0.0,0.0,0.0,0.0,0.0,793.0,0.0,793,0.0,0.0,0.0,0.0,0.0,0.0,0.0,0.0,0.0,0.0,0.0,1.0,0.0,1
08125079,0.0,0.0,0.0,0.0,0.0,0.0,0.0,0.0,0.0,0.0,66333.0,0.0,0.0,66333,0.0,0.0,0.0,0.0,0.0,0.0,0.0,0.0,0.0,0.0,1.0,0.0,0.0,1
08125084,0.0,0.0,0.0,0.0,0.0,0.0,0.0,0.0,0.0,0.0,0.0,0.0,3704.0,3704,0.0,0.0,0.0,0.0,0.0,0.0,0.0,0.0,0.0,0.0,0.0,0.0,1.0,1
08127100,0.0,0.0,0.0,0.0,0.0,0.0,0.0,0.0,0.0,0.0,0.0,0.0,4506.0,4506,0.0,0.0,0.0,0.0,0.0,0.0,0.0,0.0,0.0,0.0,0.0,0.0,1.0,1
08128131,0.0,0.0,0.0,0.0,0.0,0.0,0.0,0.0,0.0,1360.0,0.0,0.0,0.0,1360,0.0,0.0,0.0,0.0,0.0,0.0,0.0,0.0,0.0,1.0,0.0,0.0,0.0,1
08135019,0.0,0.0,0.0,0.0,0.0,0.0,499378.0,0.0,0.0,0.0,0.0,0.0,0.0,499378,0.0,0.0,0.0,0.0,0.0,0.0,1.0,0.0,0.0,0.0,0.0,0.0,0.0,1
08136088,0.0,0.0,0.0,0.0,0.0,0.0,0.0,0.0,0.0,0.0,0.0,0.0,58723.0,58723,0.0,0.0,0.0,0.0,0.0,0.0,0.0,0.0,0.0,0.0,0.0,0.0,2.0,2
08212000,0.0,0.0,0.0,0.0,0.0,0.0,0.0,0.0,0.0,0.0,0.0,0.0,123209.0,123209,0.0,0.0,0.0,0.0,0.0,0.0,0.0,0.0,0.0,0.0,0.0,0.0,1.0,1
08215046,0.0,0.0,0.0,0.0,0.0,0.0,0.0,35769.0,0.0,0.0,0.0,0.0,0.0,35769,0.0,0.0,0.0,0.0,0.0,0.0,0.0,1.0,0.0,0.0,0.0,0.0,0.0,1
08215089,0.0,0.0,0.0,0.0,0.0,0.0,452224.0,0.0,0.0,0.0,0.0,0.0,0.0,452224,0.0,0.0,0.0,0.0,0.0,0.0,1.0,0.0,0.0,0.0,0.0,0.0,0.0,1
08215097,0.0,0.0,0.0,0.0,0.0,0.0,0.0,11076.0,0.0,0.0,0.0,0.0,0.0,11076,0.0,0.0,0.0,0.0,0.0,0.0,0.0,1.0,0.0,0.0,0.0,0.0,0.0,1
08216015,0.0,0.0,0.0,0.0,0.0,0.0,0.0,0.0,0.0,0.0,0.0,30951.0,0.0,30951,0.0,0.0,0.0,0.0,0.0,0.0,0.0,0.0,0.0,0.0,0.0,2.0,0.0,2
08216017,0.0,0.0,0.0,0.0,0.0,0.0,0.0,0.0,0.0,0.0,0.0,0.0,202203.0,202203,0.0,0.0,0.0,0.0,0.0,0.0,0.0,0.0,0.0,0.0,0.0,0.0,3.0,3
08216043,0.0,0.0,0.0,0.0,0.0,0.0,0.0,0.0,0.0,0.0,0.0,19998.0,0.0,19998,0.0,0.0,0.0,0.0,0.0,0.0,0.0,0.0,0.0,0.0,0.0,1.0,0.0,1
08216059,0.0,0.0,0.0,0.0,0.0,0.0,0.0,0.0,0.0,0.0,0.0,0.0,4322.0,4322,0.0,0.0,0.0,0.0,0.0,0.0,0.0,0.0,0.0,0.0,0.0,0.0,1.0,1
08222000,0.0,25728.0,0.0,0.0,0.0,0.0,0.0,0.0,0.0,0.0,0.0,2862.0,199769.0,228359,0.0,1.0,0.0,0.0,0.0,0.0,0.0,0.0,0.0,0.0,0.0,1.0,3.0,5
08225014,0.0,0.0,0.0,0.0,0.0,0.0,0.0,9352.0,0.0,0.0,0.0,0.0,0.0,9352,0.0,0.0,0.0,0.0,0.0,0.0,0.0,1.0,0.0,0.0,0.0,0.0,0.0,1
08226013,0.0,0.0,33410.0,0.0,0.0,0.0,0.0,0.0,0.0,0.0,0.0,0.0,0.0,33410,0.0,0.0,1.0,0.0,0.0,0.0,0.0,0.0,0.0,0.0,0.0,0.0,0.0,1
08226038,0.0,18454.0,0.0,0.0,0.0,0.0,0.0,0.0,0.0,0.0,0.0,0.0,0.0,18454,0.0,1.0,0.0,0.0,0.0,0.0,0.0,0.0,0.0,0.0,0.0,0.0,0.0,1
08226041,0.0,0.0,0.0,0.0,0.0,0.0,421102.0,0.0,0.0,0.0,0.0,0.0,0.0,421102,0.0,0.0,0.0,0.0,0.0,0.0,1.0,0.0,0.0,0.0,0.0,0.0,0.0,1
08236040,0.0,0.0,0.0,0.0,0.0,0.0,0.0,7699.0,0.0,0.0,0.0,0.0,0.0,7699,0.0,0.0,0.0,0.0,0.0,0.0,0.0,1.0,0.0,0.0,0.0,0.0,0.0,1
08237004,0.0,0.0,0.0,0.0,0.0,0.0,0.0,0.0,0.0,0.0,0.0,0.0,31035.0,31035,0.0,0.0,0.0,0.0,0.0,0.0,0.0,0.0,0.0,0.0,0.0,0.0,1.0,1
08311000,0.0,18967.0,0.0,0.0,0.0,0.0,0.0,0.0,0.0,0.0,0.0,0.0,0.0,18967,0.0,2.0,0.0,0.0,0.0,0.0,0.0,0.0,0.0,0.0,0.0,0.0,0.0,2
08315072,0.0,0.0,0.0,0.0,0.0,0.0,0.0,0.0,43257.0,0.0,0.0,0.0,0.0,43257,0.0,0.0,0.0,0.0,0.0,0.0,0.0,0.0,1.0,0.0,0.0,0.0,0.0,1
08315113,0.0,0.0,0.0,0.0,0.0,0.0,0.0,0.0,0.0,0.0,0.0,0.0,35416.0,35416,0.0,0.0,0.0,0.0,0.0,0.0,0.0,0.0,0.0,0.0,0.0,0.0,1.0,1
08317026,0.0,0.0,0.0,0.0,0.0,0.0,0.0,0.0,0.0,0.0,0.0,475.0,0.0,475,0.0,0.0,0.0,0.0,0.0,0.0,0.0,0.0,0.0,0.0,0.0,1.0,0.0,1
08317056,0.0,0.0,0.0,0.0,0.0,0.0,0.0,0.0,0.0,0.0,0.0,0.0,18429.0,18429,0.0,0.0,0.0,0.0,0.0,0.0,0.0,0.0,0.0,0.0,0.0,0.0,1.0,1
08317057,0.0,0.0,0.0,0.0,0.0,178801.0,0.0,0.0,0.0,0.0,0.0,0.0,51436.0,230237,0.0,0.0,0.0,0.0,0.0,2.0,0.0,0.0,0.0,0.0,0.0,0.0,1.0,3
08317089,0.0,0.0,0.0,0.0,0.0,0.0,0.0,0.0,0.0,0.0,0.0,0.0,164048.0,164048,0.0,0.0,0.0,0.0,0.0,0.0,0.0,0.0,0.0,0.0,0.0,0.0,2.0,2
08335075,0.0,0.0,0.0,40181.0,0.0,0.0,0.0,0.0,0.0,0.0,0.0,0.0,0.0,40181,0.0,0.0,0.0,2.0,0.0,0.0,0.0,0.0,0.0,0.0,0.0,0.0,0.0,2
08336014,0.0,0.0,0.0,0.0,0.0,0.0,0.0,0.0,152817.0,0.0,0.0,0.0,0.0,152817,0.0,0.0,0.0,0.0,0.0,0.0,0.0,0.0,1.0,0.0,0.0,0.0,0.0,1
08336069,0.0,0.0,0.0,0.0,0.0,0.0,0.0,0.0,0.0,0.0,0.0,76107.0,0.0,76107,0.0,0.0,0.0,0.0,0.0,0.0,0.0,0.0,0.0,0.0,0.0,1.0,0.0,1
08415014,0.0,0.0,0.0,0.0,0.0,0.0,0.0,0.0,0.0,0.0,0.0,0.0,33729.0,33729,0.0,0.0,0.0,0.0,0.0,0.0,0.0,0.0,0.0,0.0,0.0,0.0,1.0,1
08415090,0.0,0.0,0.0,0.0,0.0,0.0,0.0,0.0,0.0,0.0,0.0,970.0,0.0,970,0.0,0.0,0.0,0.0,0.0,0.0,0.0,0.0,0.0,0.0,0.0,1.0,0.0,1
08417016,0.0,0.0,0.0,0.0,0.0,0.0,680588.0,0.0,0.0,0.0,0.0,0.0,0.0,680588,0.0,0.0,0.0,0.0,0.0,0.0,2.0,0.0,0.0,0.0,0.0,0.0,0.0,2
08425002,0.0,0.0,0.0,0.0,0.0,0.0,720702.0,0.0,0.0,0.0,0.0,0.0,0.0,720702,0.0,0.0,0.0,0.0,0.0,0.0,1.0,0.0,0.0,0.0,0.0,0.0,0.0,1
08425033,0.0,0.0,0.0,0.0,0.0,0.0,0.0,0.0,0.0,0.0,0.0,0.0,41400.0,41400,0.0,0.0,0.0,0.0,0.0,0.0,0.0,0.0,0.0,0.0,0.0,0.0,1.0,1
08425108,0.0,0.0,0.0,0.0,0.0,0.0,846569.0,0.0,0.0,0.0,0.0,0.0,0.0,846569,0.0,0.0,0.0,0.0,0.0,0.0,1.0,0.0,0.0,0.0,0.0,0.0,0.0,1
08425141,0.0,0.0,0.0,0.0,0.0,0.0,0.0,0.0,148244.0,0.0,0.0,0.0,0.0,148244,0.0,0.0,0.0,0.0,0.0,0.0,0.0,0.0,1.0,0.0,0.0,0.0,0.0,1
08426021,0.0,0.0,56324.0,0.0,0.0,0.0,0.0,0.0,0.0,0.0,0.0,0.0,0.0,56324,0.0,0.0,2.0,0.0,0.0,0.0,0.0,0.0,0.0,0.0,0.0,0.0,0.0,2
08435016,0.0,0.0,0.0,0.0,0.0,0.0,0.0,0.0,0.0,0.0,0.0,39644.0,0.0,39644,0.0,0.0,0.0,0.0,0.0,0.0,0.0,0.0,0.0,0.0,0.0,4.0,0.0,4
08435059,0.0,0.0,0.0,0.0,0.0,0.0,0.0,8630.0,0.0,0.0,0.0,0.0,0.0,8630,0.0,0.0,0.0,0.0,0.0,0.0,0.0,1.0,0.0,0.0,0.0,0.0,0.0,1
08436010,0.0,0.0,0.0,0.0,0.0,0.0,0.0,0.0,0.0,83982.0,0.0,0.0,0.0,83982,0.0,0.0,0.0,0.0,0.0,0.0,0.0,0.0,0.0,1.0,0.0,0.0,0.0,1
08436055,0.0,0.0,0.0,0.0,0.0,0.0,0.0,0.0,0.0,0.0,53233.0,4039.0,0.0,57272,0.0,0.0,0.0,0.0,0.0,0.0,0.0,0.0,0.0,0.0,1.0,1.0,0.0,2
08436064,0.0,0.0,0.0,0.0,0.0,0.0,0.0,0.0,0.0,0.0,30663.0,0.0,0.0,30663,0.0,0.0,0.0,0.0,0.0,0.0,0.0,0.0,0.0,0.0,1.0,0.0,0.0,1
09161000,0.0,0.0,0.0,0.0,0.0,0.0,0.0,0.0,0.0,0.0,0.0,78938.0,0.0,78938,0.0,0.0,0.0,0.0,0.0,0.0,0.0,0.0,0.0,0.0,0.0,2.0,0.0,2
09162000,0.0,0.0,0.0,0.0,0.0,0.0,0.0,0.0,0.0,0.0,0.0,122029.0,0.0,122029,0.0,0.0,0.0,0.0,0.0,0.0,0.0,0.0,0.0,0.0,0.0,9.0,0.0,9
09171112,0.0,101196.0,0.0,0.0,0.0,0.0,0.0,0.0,0.0,0.0,0.0,0.0,0.0,101196,0.0,6.0,0.0,0.0,0.0,0.0,0.0,0.0,0.0,0.0,0.0,0.0,0.0,6
09171113,0.0,120575.0,0.0,0.0,0.0,0.0,0.0,0.0,0.0,0.0,0.0,0.0,0.0,120575,0.0,2.0,0.0,0.0,0.0,0.0,0.0,0.0,0.0,0.0,0.0,0.0,0.0,2
09171132,0.0,0.0,0.0,30665.0,0.0,0.0,0.0,0.0,0.0,0.0,0.0,0.0,0.0,30665,0.0,0.0,0.0,1.0,0.0,0.0,0.0,0.0,0.0,0.0,0.0,0.0,0.0,1
09174115,0.0,0.0,0.0,0.0,0.0,0.0,0.0,25950.0,0.0,0.0,0.0,0.0,0.0,25950,0.0,0.0,0.0,0.0,0.0,0.0,0.0,2.0,0.0,0.0,0.0,0.0,0.0,2
09176124,0.0,0.0,0.0,0.0,0.0,0.0,0.0,4896.0,0.0,0.0,0.0,0.0,0.0,4896,0.0,0.0,0.0,0.0,0.0,0.0,0.0,1.0,0.0,0.0,0.0,0.0,0.0,1
09176138,0.0,0.0,0.0,0.0,0.0,0.0,0.0,0.0,0.0,33614.0,0.0,0.0,0.0,33614,0.0,0.0,0.0,0.0,0.0,0.0,0.0,0.0,0.0,1.0,0.0,0.0,0.0,1
09176153,0.0,0.0,0.0,0.0,0.0,0.0,0.0,7495.0,0.0,0.0,0.0,0.0,0.0,7495,0.0,0.0,0.0,0.0,0.0,0.0,0.0,1.0,0.0,0.0,0.0,0.0,0.0,1
09177123,0.0,0.0,0.0,0.0,0.0,0.0,0.0,15804.0,0.0,0.0,0.0,0.0,0.0,15804,0.0,0.0,0.0,0.0,0.0,0.0,0.0,1.0,0.0,0.0,0.0,0.0,0.0,1
09178122,0.0,0.0,0.0,0.0,0.0,0.0,0.0,20437.0,0.0,0.0,0.0,0.0,0.0,20437,0.0,0.0,0.0,0.0,0.0,0.0,0.0,1.0,0.0,0.0,0.0,0.0,0.0,1
09178156,0.0,0.0,0.0,0.0,0.0,0.0,0.0,6316.0,0.0,0.0,0.0,0.0,0.0,6316,0.0,0.0,0.0,0.0,0.0,0.0,0.0,1.0,0.0,0.0,0.0,0.0,0.0,1
09179117,0.0,0.0,0.0,0.0,0.0,0.0,0.0,16248.0,0.0,0.0,0.0,0.0,0.0,16248,0.0,0.0,0.0,0.0,0.0,0.0,0.0,1.0,0.0,0.0,0.0,0.0,0.0,1
09182116,0.0,0.0,0.0,0.0,0.0,0.0,0.0,0.0,0.0,0.0,0.0,0.0,9805.0,9805,0.0,0.0,0.0,0.0,0.0,0.0,0.0,0.0,0.0,0.0,0.0,0.0,1.0,1
09183129,0.0,0.0,0.0,0.0,0.0,0.0,0.0,0.0,0.0,0.0,0.0,20231.0,0.0,20231,0.0,0.0,0.0,0.0,0.0,0.0,0.0,0.0,0.0,0.0,0.0,1.0,0.0,1
09183132,0.0,0.0,0.0,0.0,0.0,0.0,0.0,4906.0,0.0,0.0,0.0,0.0,0.0,4906,0.0,0.0,0.0,0.0,0.0,0.0,0.0,1.0,0.0,0.0,0.0,0.0,0.0,1
09183136,0.0,0.0,0.0,0.0,0.0,0.0,0.0,0.0,0.0,0.0,13019.0,0.0,0.0,13019,0.0,0.0,0.0,0.0,0.0,0.0,0.0,0.0,0.0,0.0,1.0,0.0,0.0,1
09184139,0.0,22870.0,0.0,0.0,0.0,0.0,0.0,0.0,0.0,0.0,0.0,0.0,0.0,22870,0.0,1.0,0.0,0.0,0.0,0.0,0.0,0.0,0.0,0.0,0.0,0.0,0.0,1
09185149,0.0,0.0,0.0,0.0,0.0,0.0,0.0,0.0,0.0,64586.0,0.0,0.0,0.0,64586,0.0,0.0,0.0,0.0,0.0,0.0,0.0,0.0,0.0,1.0,0.0,0.0,0.0,1
09185158,0.0,0.0,0.0,0.0,0.0,0.0,0.0,0.0,0.0,0.0,0.0,0.0,72982.0,72982,0.0,0.0,0.0,0.0,0.0,0.0,0.0,0.0,0.0,0.0,0.0,0.0,1.0,1
09186113,0.0,0.0,0.0,0.0,0.0,0.0,0.0,0.0,0.0,0.0,0.0,0.0,2568.0,2568,0.0,0.0,0.0,0.0,0.0,0.0,0.0,0.0,0.0,0.0,0.0,0.0,1.0,1
09186137,0.0,0.0,0.0,0.0,0.0,0.0,0.0,0.0,0.0,0.0,0.0,7608.0,0.0,7608,0.0,0.0,0.0,0.0,0.0,0.0,0.0,0.0,0.0,0.0,0.0,1.0,0.0,1
09186139,0.0,368054.0,0.0,0.0,0.0,0.0,0.0,0.0,0.0,0.0,0.0,3536.0,0.0,371590,0.0,2.0,0.0,0.0,0.0,0.0,0.0,0.0,0.0,0.0,0.0,1.0,0.0,3
09187122,0.0,0.0,0.0,0.0,0.0,0.0,0.0,0.0,0.0,0.0,0.0,0.0,8037.0,8037,0.0,0.0,0.0,0.0,0.0,0.0,0.0,0.0,0.0,0.0,0.0,0.0,1.0,1
09187130,0.0,0.0,0.0,0.0,0.0,0.0,0.0,0.0,0.0,0.0,0.0,0.0,8868.0,8868,0.0,0.0,0.0,0.0,0.0,0.0,0.0,0.0,0.0,0.0,0.0,0.0,1.0,1
09187165,0.0,0.0,0.0,0.0,0.0,0.0,0.0,0.0,0.0,0.0,0.0,0.0,114177.0,114177,0.0,0.0,0.0,0.0,0.0,0.0,0.0,0.0,0.0,0.0,0.0,0.0,1.0,1
09187169,0.0,0.0,0.0,0.0,0.0,0.0,750391.0,0.0,0.0,0.0,0.0,0.0,0.0,750391,0.0,0.0,0.0,0.0,0.0,0.0,1.0,0.0,0.0,0.0,0.0,0.0,0.0,1
09187182,0.0,0.0,0.0,0.0,0.0,0.0,0.0,0.0,0.0,0.0,85781.0,0.0,0.0,85781,0.0,0.0,0.0,0.0,0.0,0.0,0.0,0.0,0.0,0.0,1.0,0.0,0.0,1
09189157,0.0,0.0,0.0,0.0,0.0,0.0,0.0,0.0,0.0,0.0,0.0,0.0,5794.0,5794,0.0,0.0,0.0,0.0,0.0,0.0,0.0,0.0,0.0,0.0,0.0,0.0,1.0,1
09190141,0.0,0.0,16142.0,0.0,0.0,0.0,0.0,0.0,0.0,0.0,0.0,0.0,0.0,16142,0.0,0.0,1.0,0.0,0.0,0.0,0.0,0.0,0.0,0.0,0.0,0.0,0.0,1
09190148,0.0,0.0,0.0,0.0,0.0,0.0,0.0,0.0,0.0,0.0,0.0,0.0,705.0,705,0.0,0.0,0.0,0.0,0.0,0.0,0.0,0.0,0.0,0.0,0.0,0.0,1.0,1
09261000,0.0,0.0,0.0,55130.0,0.0,0.0,0.0,0.0,0.0,0.0,0.0,0.0,0.0,55130,0.0,0.0,0.0,1.0,0.0,0.0,0.0,0.0,0.0,0.0,0.0,0.0,0.0,1
09263000,0.0,0.0,0.0,0.0,0.0,0.0,0.0,17301.0,0.0,0.0,25010.0,0.0,0.0,42311,0.0,0.0,0.0,0.0,0.0,0.0,0.0,1.0,0.0,0.0,1.0,0.0,0.0,2
09271146,0.0,0.0,0.0,0.0,0.0,0.0,0.0,0.0,0.0,0.0,108747.0,0.0,36732.0,145479,0.0,0.0,0.0,0.0,0.0,0.0,0.0,0.0,0.0,0.0,1.0,0.0,2.0,3
09273137,0.0,0.0,137618.0,0.0,0.0,0.0,0.0,0.0,0.0,0.0,0.0,0.0,0.0,137618,0.0,0.0,1.0,0.0,0.0,0.0,0.0,0.0,0.0,0.0,0.0,0.0,0.0,1
09273159,0.0,0.0,0.0,0.0,0.0,0.0,0.0,0.0,18592.0,0.0,0.0,0.0,0.0,18592,0.0,0.0,0.0,0.0,0.0,0.0,0.0,0.0,1.0,0.0,0.0,0.0,0.0,1
09273166,0.0,0.0,0.0,0.0,0.0,0.0,0.0,0.0,301682.0,0.0,0.0,0.0,0.0,301682,0.0,0.0,0.0,0.0,0.0,0.0,0.0,0.0,1.0,0.0,0.0,0.0,0.0,1
09274121,0.0,0.0,0.0,0.0,0.0,0.0,0.0,17683.0,0.0,0.0,0.0,0.0,0.0,17683,0.0,0.0,0.0,0.0,0.0,0.0,0.0,1.0,0.0,0.0,0.0,0.0,0.0,1
09274153,0.0,0.0,0.0,0.0,0.0,0.0,0.0,50285.0,0.0,0.0,0.0,0.0,0.0,50285,0.0,0.0,0.0,0.0,0.0,0.0,0.0,1.0,0.0,0.0,0.0,0.0,0.0,1
09275122,0.0,0.0,0.0,0.0,0.0,0.0,0.0,19451.0,0.0,0.0,0.0,0.0,0.0,19451,0.0,0.0,0.0,0.0,0.0,0.0,0.0,1.0,0.0,0.0,0.0,0.0,0.0,1
09275133,0.0,0.0,0.0,0.0,0.0,0.0,0.0,4325.0,0.0,0.0,0.0,0.0,0.0,4325,0.0,0.0,0.0,0.0,0.0,0.0,0.0,1.0,0.0,0.0,0.0,0.0,0.0,1
09275141,0.0,139741.0,0.0,0.0,0.0,0.0,0.0,0.0,0.0,0.0,0.0,0.0,0.0,139741,0.0,1.0,0.0,0.0,0.0,0.0,0.0,0.0,0.0,0.0,0.0,0.0,0.0,1
09276148,0.0,0.0,0.0,0.0,0.0,0.0,0.0,0.0,0.0,20606.0,0.0,0.0,0.0,20606,0.0,0.0,0.0,0.0,0.0,0.0,0.0,0.0,0.0,1.0,0.0,0.0,0.0,1
09277154,0.0,0.0,0.0,0.0,0.0,0.0,0.0,32523.0,0.0,0.0,0.0,0.0,0.0,32523,0.0,0.0,0.0,0.0,0.0,0.0,0.0,1.0,0.0,0.0,0.0,0.0,0.0,1
09278118,0.0,0.0,0.0,0.0,0.0,0.0,0.0,11863.0,0.0,0.0,0.0,0.0,0.0,11863,0.0,0.0,0.0,0.0,0.0,0.0,0.0,1.0,0.0,0.0,0.0,0.0,0.0,1
09278177,0.0,0.0,0.0,0.0,0.0,0.0,0.0,0.0,0.0,0.0,87552.0,0.0,0.0,87552,0.0,0.0,0.0,0.0,0.0,0.0,0.0,0.0,0.0,0.0,1.0,0.0,0.0,1
09278187,0.0,0.0,0.0,0.0,0.0,0.0,0.0,11927.0,0.0,0.0,0.0,0.0,0.0,11927,0.0,0.0,0.0,0.0,0.0,0.0,0.0,1.0,0.0,0.0,0.0,0.0,0.0,1
09279112,0.0,0.0,0.0,0.0,0.0,0.0,0.0,0.0,0.0,0.0,0.0,127850.0,0.0,127850,0.0,0.0,0.0,0.0,0.0,0.0,0.0,0.0,0.0,0.0,0.0,3.0,0.0,3
09279126,0.0,0.0,0.0,0.0,0.0,0.0,0.0,43264.0,0.0,0.0,0.0,0.0,0.0,43264,0.0,0.0,0.0,0.0,0.0,0.0,0.0,1.0,0.0,0.0,0.0,0.0,0.0,1
09361000,0.0,0.0,0.0,0.0,0.0,0.0,0.0,0.0,0.0,13327.0,0.0,0.0,0.0,13327,0.0,0.0,0.0,0.0,0.0,0.0,0.0,0.0,0.0,1.0,0.0,0.0,0.0,1
09362000,0.0,0.0,0.0,0.0,0.0,0.0,0.0,0.0,139369.0,0.0,0.0,56230.0,0.0,195599,0.0,0.0,0.0,0.0,0.0,0.0,0.0,0.0,1.0,0.0,0.0,2.0,0.0,3
09363000,0.0,0.0,0.0,0.0,0.0,0.0,0.0,0.0,0.0,14697.0,0.0,0.0,0.0,14697,0.0,0.0,0.0,0.0,0.0,0.0,0.0,0.0,0.0,1.0,0.0,0.0,0.0,1
09371151,0.0,0.0,0.0,0.0,0.0,0.0,0.0,0.0,0.0,0.0,0.0,29889.0,0.0,29889,0.0,0.0,0.0,0.0,0.0,0.0,0.0,0.0,0.0,0.0,0.0,1.0,0.0,1
09371156,0.0,0.0,0.0,0.0,0.0,0.0,0.0,19232.0,0.0,0.0,0.0,0.0,0.0,19232,0.0,0.0,0.0,0.0,0.0,0.0,0.0,1.0,0.0,0.0,0.0,0.0,0.0,1
09372154,0.0,0.0,0.0,0.0,0.0,0.0,0.0,11812.0,0.0,0.0,0.0,0.0,0.0,11812,0.0,0.0,0.0,0.0,0.0,0.0,0.0,1.0,0.0,0.0,0.0,0.0,0.0,1
09373140,0.0,0.0,0.0,0.0,0.0,0.0,0.0,0.0,50784.0,0.0,0.0,0.0,0.0,50784,0.0,0.0,0.0,0.0,0.0,0.0,0.0,0.0,1.0,0.0,0.0,0.0,0.0,1
09374146,0.0,0.0,0.0,0.0,0.0,0.0,0.0,0.0,0.0,0.0,0.0,23479.0,0.0,23479,0.0,0.0,0.0,0.0,0.0,0.0,0.0,0.0,0.0,0.0,0.0,1.0,0.0,1
09374166,0.0,0.0,0.0,0.0,0.0,0.0,0.0,0.0,0.0,232455.0,0.0,0.0,0.0,232455,0.0,0.0,0.0,0.0,0.0,0.0,0.0,0.0,0.0,1.0,0.0,0.0,0.0,1
09375201,0.0,0.0,0.0,0.0,0.0,0.0,0.0,0.0,0.0,0.0,18745.0,0.0,0.0,18745,0.0,0.0,0.0,0.0,0.0,0.0,0.0,0.0,0.0,0.0,1.0,0.0,0.0,1
09376119,0.0,0.0,0.0,0.0,0.0,0.0,1010091.0,0.0,0.0,0.0,0.0,0.0,0.0,1010091,0.0,0.0,0.0,0.0,0.0,0.0,1.0,0.0,0.0,0.0,0.0,0.0,0.0,1
09376163,0.0,0.0,0.0,0.0,0.0,0.0,0.0,22381.0,0.0,0.0,0.0,0.0,0.0,22381,0.0,0.0,0.0,0.0,0.0,0.0,0.0,1.0,0.0,0.0,0.0,0.0,0.0,1
09377141,0.0,0.0,0.0,0.0,0.0,0.0,0.0,0.0,0.0,116005.0,0.0,0.0,0.0,116005,0.0,0.0,0.0,0.0,0.0,0.0,0.0,0.0,0.0,1.0,0.0,0.0,0.0,1
09475141,0.0,0.0,0.0,0.0,0.0,0.0,0.0,0.0,0.0,0.0,0.0,0.0,58470.0,58470,0.0,0.0,0.0,0.0,0.0,0.0,0.0,0.0,0.0,0.0,0.0,0.0,1.0,1
09476175,0.0,0.0,0.0,0.0,0.0,0.0,0.0,0.0,0.0,90267.0,0.0,0.0,0.0,90267,0.0,0.0,0.0,0.0,0.0,0.0,0.0,0.0,0.0,1.0,0.0,0.0,0.0,1
09476179,0.0,0.0,0.0,0.0,0.0,0.0,0.0,0.0,0.0,56873.0,0.0,0.0,0.0,56873,0.0,0.0,0.0,0.0,0.0,0.0,0.0,0.0,0.0,2.0,0.0,0.0,0.0,2
09477124,0.0,0.0,0.0,0.0,0.0,0.0,0.0,0.0,71942.0,0.0,0.0,0.0,0.0,71942,0.0,0.0,0.0,0.0,0.0,0.0,0.0,0.0,2.0,0.0,0.0,0.0,0.0,2
09479147,0.0,0.0,0.0,0.0,0.0,0.0,0.0,7962.0,0.0,0.0,0.0,0.0,0.0,7962,0.0,0.0,0.0,0.0,0.0,0.0,0.0,1.0,0.0,0.0,0.0,0.0,0.0,1
09479169,0.0,0.0,0.0,0.0,0.0,0.0,0.0,0.0,0.0,20753.0,0.0,36247.0,0.0,57000,0.0,0.0,0.0,0.0,0.0,0.0,0.0,0.0,0.0,1.0,0.0,1.0,0.0,2
09561000,0.0,0.0,0.0,0.0,0.0,0.0,0.0,23153.0,0.0,0.0,0.0,0.0,0.0,23153,0.0,0.0,0.0,0.0,0.0,0.0,0.0,1.0,0.0,0.0,0.0,0.0,0.0,1
09564000,0.0,0.0,0.0,0.0,0.0,0.0,0.0,0.0,0.0,0.0,0.0,1829.0,0.0,1829,0.0,0.0,0.0,0.0,0.0,0.0,0.0,0.0,0.0,0.0,0.0,1.0,0.0,1
09571205,0.0,0.0,0.0,0.0,0.0,0.0,0.0,0.0,24768.0,0.0,0.0,0.0,0.0,24768,0.0,0.0,0.0,0.0,0.0,0.0,0.0,0.0,1.0,0.0,0.0,0.0,0.0,1
09573120,0.0,0.0,0.0,0.0,0.0,0.0,0.0,12381.0,0.0,0.0,0.0,0.0,0.0,12381,0.0,0.0,0.0,0.0,0.0,0.0,0.0,1.0,0.0,0.0,0.0,0.0,0.0,1
09575144,0.0,0.0,0.0,0.0,0.0,0.0,0.0,0.0,0.0,0.0,0.0,3169.0,0.0,3169,0.0,0.0,0.0,0.0,0.0,0.0,0.0,0.0,0.0,0.0,0.0,1.0,0.0,1
09577168,0.0,0.0,0.0,0.0,0.0,0.0,296579.0,0.0,0.0,0.0,0.0,0.0,0.0,296579,0.0,0.0,0.0,0.0,0.0,0.0,1.0,0.0,0.0,0.0,0.0,0.0,0.0,1
09661000,0.0,0.0,0.0,0.0,0.0,0.0,0.0,0.0,0.0,0.0,0.0,38.0,1.0,39,0.0,0.0,0.0,0.0,0.0,0.0,0.0,0.0,0.0,0.0,0.0,1.0,1.0,2
09671111,0.0,0.0,0.0,0.0,0.0,0.0,0.0,12514.0,0.0,0.0,0.0,0.0,0.0,12514,0.0,0.0,0.0,0.0,0.0,0.0,0.0,1.0,0.0,0.0,0.0,0.0,0.0,1
09671155,0.0,0.0,0.0,0.0,0.0,0.0,0.0,0.0,0.0,0.0,0.0,0.0,269902.0,269902,0.0,0.0,0.0,0.0,0.0,0.0,0.0,0.0,0.0,0.0,0.0,0.0,2.0,2
09673114,0.0,0.0,0.0,0.0,0.0,0.0,0.0,15695.0,0.0,0.0,0.0,0.0,0.0,15695,0.0,0.0,0.0,0.0,0.0,0.0,0.0,1.0,0.0,0.0,0.0,0.0,0.0,1
09673175,0.0,0.0,0.0,0.0,0.0,0.0,0.0,18436.0,0.0,0.0,0.0,0.0,0.0,18436,0.0,0.0,0.0,0.0,0.0,0.0,0.0,1.0,0.0,0.0,0.0,0.0,0.0,1
09674133,0.0,0.0,0.0,0.0,0.0,0.0,0.0,0.0,0.0,0.0,0.0,0.0,39181.0,39181,0.0,0.0,0.0,0.0,0.0,0.0,0.0,0.0,0.0,0.0,0.0,0.0,1.0,1
09675139,0.0,0.0,0.0,0.0,0.0,0.0,0.0,0.0,65000.0,0.0,0.0,0.0,0.0,65000,0.0,0.0,0.0,0.0,0.0,0.0,0.0,0.0,1.0,0.0,0.0,0.0,0.0,1
09676134,0.0,0.0,0.0,0.0,0.0,0.0,0.0,2381.0,0.0,0.0,0.0,0.0,0.0,2381,0.0,0.0,0.0,0.0,0.0,0.0,0.0,1.0,0.0,0.0,0.0,0.0,0.0,1
09676139,0.0,0.0,0.0,0.0,0.0,0.0,0.0,0.0,0.0,0.0,0.0,0.0,18822.0,18822,0.0,0.0,0.0,0.0,0.0,0.0,0.0,0.0,0.0,0.0,0.0,0.0,1.0,1
09677148,0.0,0.0,0.0,0.0,0.0,0.0,632068.0,0.0,0.0,0.0,0.0,0.0,0.0,632068,0.0,0.0,0.0,0.0,0.0,0.0,1.0,0.0,0.0,0.0,0.0,0.0,0.0,1
09677154,0.0,0.0,0.0,0.0,0.0,0.0,686792.0,0.0,0.0,0.0,0.0,0.0,0.0,686792,0.0,0.0,0.0,0.0,0.0,0.0,1.0,0.0,0.0,0.0,0.0,0.0,0.0,1
09677155,0.0,0.0,0.0,0.0,0.0,0.0,0.0,0.0,0.0,61705.0,0.0,0.0,0.0,61705,0.0,0.0,0.0,0.0,0.0,0.0,0.0,0.0,0.0,1.0,0.0,0.0,0.0,1
09678150,0.0,0.0,0.0,0.0,0.0,0.0,0.0,5284.0,0.0,0.0,0.0,0.0,0.0,5284,0.0,0.0,0.0,0.0,0.0,0.0,0.0,1.0,0.0,0.0,0.0,0.0,0.0,1
09679170,0.0,0.0,0.0,0.0,0.0,0.0,0.0,0.0,0.0,0.0,123004.0,0.0,0.0,123004,0.0,0.0,0.0,0.0,0.0,0.0,0.0,0.0,0.0,0.0,1.0,0.0,0.0,1
09761000,0.0,0.0,0.0,0.0,0.0,0.0,0.0,0.0,0.0,0.0,0.0,8309.0,69879.0,78188,0.0,0.0,0.0,0.0,0.0,0.0,0.0,0.0,0.0,0.0,0.0,3.0,1.0,4
09762000,0.0,0.0,0.0,0.0,0.0,0.0,0.0,0.0,0.0,0.0,0.0,0.0,29626.0,29626,0.0,0.0,0.0,0.0,0.0,0.0,0.0,0.0,0.0,0.0,0.0,0.0,1.0,1
09771113,0.0,0.0,0.0,0.0,0.0,0.0,0.0,15856.0,0.0,0.0,0.0,0.0,0.0,15856,0.0,0.0,0.0,0.0,0.0,0.0,0.0,1.0,0.0,0.0,0.0,0.0,0.0,1
09772147,0.0,0.0,0.0,0.0,0.0,0.0,0.0,9215.0,0.0,0.0,0.0,0.0,0.0,9215,0.0,0.0,0.0,0.0,0.0,0.0,0.0,1.0,0.0,0.0,0.0,0.0,0.0,1
09772177,0.0,0.0,0.0,0.0,0.0,152532.0,0.0,0.0,0.0,0.0,0.0,0.0,0.0,152532,0.0,0.0,0.0,0.0,0.0,1.0,0.0,0.0,0.0,0.0,0.0,0.0,0.0,1
09772200,0.0,0.0,0.0,0.0,0.0,0.0,0.0,5495.0,0.0,0.0,0.0,0.0,0.0,5495,0.0,0.0,0.0,0.0,0.0,0.0,0.0,1.0,0.0,0.0,0.0,0.0,0.0,1
09773182,0.0,0.0,0.0,0.0,0.0,0.0,0.0,19462.0,0.0,0.0,0.0,0.0,0.0,19462,0.0,0.0,0.0,0.0,0.0,0.0,0.0,2.0,0.0,0.0,0.0,0.0,0.0,2
09774115,0.0,0.0,0.0,0.0,0.0,0.0,0.0,27181.0,0.0,0.0,0.0,0.0,0.0,27181,0.0,0.0,0.0,0.0,0.0,0.0,0.0,1.0,0.0,0.0,0.0,0.0,0.0,1
09774143,0.0,0.0,0.0,0.0,0.0,0.0,0.0,8816.0,0.0,0.0,0.0,0.0,0.0,8816,0.0,0.0,0.0,0.0,0.0,0.0,0.0,1.0,0.0,0.0,0.0,0.0,0.0,1
09775115,0.0,0.0,0.0,0.0,0.0,0.0,0.0,25433.0,0.0,0.0,0.0,0.0,0.0,25433,0.0,0.0,0.0,0.0,0.0,0.0,0.0,1.0,0.0,0.0,0.0,0.0,0.0,1
09775162,0.0,0.0,0.0,10352.0,0.0,0.0,0.0,0.0,0.0,0.0,0.0,0.0,0.0,10352,0.0,0.0,0.0,1.0,0.0,0.0,0.0,0.0,0.0,0.0,0.0,0.0,0.0,1
09777138,0.0,0.0,0.0,0.0,0.0,0.0,0.0,0.0,0.0,0.0,0.0,0.0,33498.0,33498,0.0,0.0,0.0,0.0,0.0,0.0,0.0,0.0,0.0,0.0,0.0,0.0,2.0,2
09777165,0.0,0.0,0.0,0.0,0.0,0.0,0.0,0.0,0.0,0.0,0.0,16241.0,0.0,16241,0.0,0.0,0.0,0.0,0.0,0.0,0.0,0.0,0.0,0.0,0.0,1.0,0.0,1
09777173,0.0,0.0,0.0,0.0,0.0,0.0,0.0,0.0,0.0,0.0,0.0,0.0,7038.0,7038,0.0,0.0,0.0,0.0,0.0,0.0,0.0,0.0,0.0,0.0,0.0,0.0,1.0,1
09778115,0.0,0.0,0.0,0.0,0.0,0.0,0.0,31116.0,0.0,0.0,0.0,0.0,0.0,31116,0.0,0.0,0.0,0.0,0.0,0.0,0.0,1.0,0.0,0.0,0.0,0.0,0.0,1
09778137,0.0,0.0,0.0,0.0,0.0,0.0,0.0,0.0,0.0,0.0,0.0,0.0,93334.0,93334,0.0,0.0,0.0,0.0,0.0,0.0,0.0,0.0,0.0,0.0,0.0,0.0,1.0,1
09778169,0.0,0.0,0.0,0.0,0.0,0.0,0.0,7335.0,0.0,0.0,0.0,0.0,0.0,7335,0.0,0.0,0.0,0.0,0.0,0.0,0.0,1.0,0.0,0.0,0.0,0.0,0.0,1
09779131,0.0,0.0,0.0,0.0,0.0,0.0,0.0,13315.0,0.0,0.0,0.0,5340.0,0.0,18655,0.0,0.0,0.0,0.0,0.0,0.0,0.0,1.0,0.0,0.0,0.0,1.0,0.0,2
09779155,0.0,0.0,0.0,0.0,0.0,0.0,629161.0,0.0,162590.0,0.0,0.0,0.0,0.0,791751,0.0,0.0,0.0,0.0,0.0,0.0,1.0,0.0,1.0,0.0,0.0,0.0,0.0,2
09780125,0.0,0.0,0.0,0.0,0.0,0.0,0.0,0.0,0.0,0.0,25987.0,0.0,0.0,25987,0.0,0.0,0.0,0.0,0.0,0.0,0.0,0.0,0.0,0.0,1.0,0.0,0.0,1
10041519,0.0,0.0,0.0,0.0,279476.0,392069.0,0.0,0.0,0.0,0.0,0.0,0.0,0.0,671545,0.0,0.0,0.0,0.0,1.0,7.0,0.0,0.0,0.0,0.0,0.0,0.0,0.0,8
10042112,0.0,0.0,0.0,0.0,0.0,0.0,0.0,0.0,0.0,0.0,0.0,1742.0,0.0,1742,0.0,0.0,0.0,0.0,0.0,0.0,0.0,0.0,0.0,0.0,0.0,1.0,0.0,1
10042113,0.0,0.0,0.0,0.0,0.0,0.0,0.0,19159.0,0.0,0.0,0.0,0.0,0.0,19159,0.0,0.0,0.0,0.0,0.0,0.0,0.0,1.0,0.0,0.0,0.0,0.0,0.0,1
10044111,0.0,0.0,0.0,39639.0,4773233.0,1472925.0,0.0,0.0,0.0,0.0,0.0,0.0,0.0,6285797,0.0,0.0,0.0,1.0,3.0,4.0,0.0,0.0,0.0,0.0,0.0,0.0,0.0,8
10044122,0.0,0.0,0.0,0.0,0.0,22371.0,0.0,0.0,0.0,0.0,0.0,0.0,0.0,22371,0.0,0.0,0.0,0.0,0.0,1.0,0.0,0.0,0.0,0.0,0.0,0.0,0.0,1
10045114,0.0,0.0,0.0,0.0,0.0,0.0,0.0,0.0,0.0,0.0,0.0,48200.0,0.0,48200,0.0,0.0,0.0,0.0,0.0,0.0,0.0,0.0,0.0,0.0,0.0,1.0,0.0,1
10046117,0.0,0.0,0.0,0.0,0.0,0.0,0.0,0.0,0.0,0.0,0.0,102176.0,0.0,102176,0.0,0.0,0.0,0.0,0.0,0.0,0.0,0.0,0.0,0.0,0.0,1.0,0.0,1
11000000,0.0,0.0,39648.0,0.0,0.0,0.0,0.0,0.0,0.0,0.0,20372.0,12900.0,0.0,72920,0.0,0.0,1.0,0.0,0.0,0.0,0.0,0.0,0.0,0.0,1.0,1.0,0.0,3
12051000,0.0,0.0,0.0,0.0,0.0,156951.0,0.0,0.0,0.0,0.0,0.0,0.0,0.0,156951,0.0,0.0,0.0,0.0,0.0,2.0,0.0,0.0,0.0,0.0,0.0,0.0,0.0,2
12062293,0.0,0.0,0.0,0.0,0.0,0.0,0.0,7268.0,0.0,0.0,0.0,0.0,0.0,7268,0.0,0.0,0.0,0.0,0.0,0.0,0.0,1.0,0.0,0.0,0.0,0.0,0.0,1
12062453,0.0,0.0,0.0,0.0,0.0,0.0,0.0,0.0,0.0,8894.0,0.0,0.0,0.0,8894,0.0,0.0,0.0,0.0,0.0,0.0,0.0,0.0,0.0,1.0,0.0,0.0,0.0,1
12063036,0.0,0.0,0.0,0.0,0.0,0.0,0.0,0.0,46072.0,0.0,0.0,0.0,0.0,46072,0.0,0.0,0.0,0.0,0.0,0.0,0.0,0.0,1.0,0.0,0.0,0.0,0.0,1
12064336,0.0,0.0,0.0,0.0,0.0,0.0,0.0,0.0,0.0,40154.0,0.0,0.0,0.0,40154,0.0,0.0,0.0,0.0,0.0,0.0,0.0,0.0,0.0,1.0,0.0,0.0,0.0,1
12064428,0.0,0.0,0.0,0.0,0.0,0.0,1256723.0,0.0,193131.0,0.0,0.0,0.0,0.0,1449854,0.0,0.0,0.0,0.0,0.0,0.0,1.0,0.0,1.0,0.0,0.0,0.0,0.0,2
12065136,0.0,0.0,0.0,0.0,0.0,87738.0,0.0,0.0,0.0,0.0,0.0,0.0,0.0,87738,0.0,0.0,0.0,0.0,0.0,2.0,0.0,0.0,0.0,0.0,0.0,0.0,0.0,2
12066052,0.0,0.0,0.0,0.0,0.0,0.0,0.0,15888.0,0.0,0.0,0.0,0.0,0.0,15888,0.0,0.0,0.0,0.0,0.0,0.0,0.0,1.0,0.0,0.0,0.0,0.0,0.0,1
12066320,0.0,0.0,0.0,0.0,0.0,0.0,0.0,26307.0,0.0,0.0,0.0,0.0,0.0,26307,0.0,0.0,0.0,0.0,0.0,0.0,0.0,1.0,0.0,0.0,0.0,0.0,0.0,1
12067036,0.0,0.0,0.0,0.0,0.0,0.0,0.0,0.0,0.0,0.0,0.0,15290.0,0.0,15290,0.0,0.0,0.0,0.0,0.0,0.0,0.0,0.0,0.0,0.0,0.0,1.0,0.0,1
12067120,0.0,0.0,0.0,0.0,1701551.0,183569.0,0.0,0.0,153749.0,0.0,0.0,0.0,14.0,2038883,0.0,0.0,0.0,0.0,1.0,3.0,0.0,0.0,1.0,0.0,0.0,0.0,1.0,6
12068181,0.0,0.0,0.0,0.0,0.0,0.0,0.0,0.0,0.0,0.0,0.0,101525.0,0.0,101525,0.0,0.0,0.0,0.0,0.0,0.0,0.0,0.0,0.0,0.0,0.0,1.0,0.0,1
12068264,0.0,0.0,0.0,0.0,0.0,0.0,0.0,0.0,0.0,0.0,22028.0,0.0,0.0,22028,0.0,0.0,0.0,0.0,0.0,0.0,0.0,0.0,0.0,0.0,1.0,0.0,0.0,1
12069656,0.0,0.0,0.0,0.0,0.0,0.0,0.0,0.0,0.0,0.0,21949.0,0.0,0.0,21949,0.0,0.0,0.0,0.0,0.0,0.0,0.0,0.0,0.0,0.0,1.0,0.0,0.0,1
12070145,0.0,0.0,0.0,0.0,0.0,0.0,0.0,46050.0,0.0,0.0,0.0,0.0,0.0,46050,0.0,0.0,0.0,0.0,0.0,0.0,0.0,1.0,0.0,0.0,0.0,0.0,0.0,1
12070173,0.0,0.0,0.0,0.0,0.0,0.0,0.0,17911.0,0.0,0.0,0.0,0.0,0.0,17911,0.0,0.0,0.0,0.0,0.0,0.0,0.0,1.0,0.0,0.0,0.0,0.0,0.0,1
12071057,0.0,0.0,0.0,0.0,0.0,0.0,0.0,0.0,0.0,44295.0,0.0,0.0,0.0,44295,0.0,0.0,0.0,0.0,0.0,0.0,0.0,0.0,0.0,1.0,0.0,0.0,0.0,1
12071372,0.0,0.0,0.0,0.0,0.0,0.0,0.0,0.0,36004.0,0.0,0.0,0.0,3291.0,39295,0.0,0.0,0.0,0.0,0.0,0.0,0.0,0.0,1.0,0.0,0.0,0.0,2.0,3
12071386,0.0,0.0,0.0,0.0,0.0,0.0,0.0,0.0,27627.0,0.0,0.0,0.0,0.0,27627,0.0,0.0,0.0,0.0,0.0,0.0,0.0,0.0,1.0,0.0,0.0,0.0,0.0,1
12071392,0.0,0.0,0.0,0.0,0.0,0.0,0.0,0.0,0.0,44279.0,0.0,0.0,0.0,44279,0.0,0.0,0.0,0.0,0.0,0.0,0.0,0.0,0.0,1.0,0.0,0.0,0.0,1
12072014,0.0,0.0,0.0,0.0,0.0,0.0,0.0,0.0,0.0,0.0,0.0,529.0,0.0,529,0.0,0.0,0.0,0.0,0.0,0.0,0.0,0.0,0.0,0.0,0.0,1.0,0.0,1
12072017,0.0,0.0,0.0,0.0,0.0,0.0,0.0,0.0,0.0,0.0,0.0,2448.0,0.0,2448,0.0,0.0,0.0,0.0,0.0,0.0,0.0,0.0,0.0,0.0,0.0,1.0,0.0,1
12072240,0.0,0.0,0.0,0.0,0.0,0.0,0.0,0.0,0.0,0.0,0.0,9542.0,0.0,9542,0.0,0.0,0.0,0.0,0.0,0.0,0.0,0.0,0.0,0.0,0.0,4.0,0.0,4
12073532,0.0,0.0,0.0,0.0,0.0,0.0,0.0,0.0,0.0,0.0,0.0,0.0,75662.0,75662,0.0,0.0,0.0,0.0,0.0,0.0,0.0,0.0,0.0,0.0,0.0,0.0,1.0,1
13003000,0.0,0.0,0.0,0.0,0.0,0.0,0.0,0.0,0.0,0.0,0.0,8332.0,0.0,8332,0.0,0.0,0.0,0.0,0.0,0.0,0.0,0.0,0.0,0.0,0.0,1.0,0.0,1
13072081,169763.0,0.0,0.0,0.0,0.0,0.0,0.0,0.0,0.0,0.0,0.0,0.0,0.0,169763,1.0,0.0,0.0,0.0,0.0,0.0,0.0,0.0,0.0,0.0,0.0,0.0,0.0,1
13074087,0.0,7681.0,0.0,0.0,0.0,0.0,0.0,0.0,0.0,0.0,0.0,29464.0,0.0,37145,0.0,2.0,0.0,0.0,0.0,0.0,0.0,0.0,0.0,0.0,0.0,2.0,0.0,4
13075005,0.0,0.0,0.0,0.0,0.0,0.0,0.0,0.0,0.0,0.0,92552.0,0.0,0.0,92552,0.0,0.0,0.0,0.0,0.0,0.0,0.0,0.0,0.0,0.0,1.0,0.0,0.0,1
13075120,0.0,0.0,0.0,0.0,0.0,0.0,0.0,0.0,0.0,0.0,0.0,24666.0,0.0,24666,0.0,0.0,0.0,0.0,0.0,0.0,0.0,0.0,0.0,0.0,0.0,1.0,0.0,1
13076089,0.0,0.0,0.0,0.0,0.0,0.0,0.0,0.0,0.0,24604.0,0.0,0.0,0.0,24604,0.0,0.0,0.0,0.0,0.0,0.0,0.0,0.0,0.0,1.0,0.0,0.0,0.0,1
13076103,0.0,0.0,0.0,0.0,0.0,0.0,0.0,0.0,0.0,0.0,0.0,0.0,4331.0,4331,0.0,0.0,0.0,0.0,0.0,0.0,0.0,0.0,0.0,0.0,0.0,0.0,1.0,1
14521020,0.0,0.0,0.0,0.0,0.0,0.0,0.0,0.0,0.0,0.0,0.0,0.0,3069.0,3069,0.0,0.0,0.0,0.0,0.0,0.0,0.0,0.0,0.0,0.0,0.0,0.0,1.0,1
14521270,0.0,0.0,0.0,0.0,0.0,0.0,0.0,0.0,0.0,0.0,0.0,0.0,14131.0,14131,0.0,0.0,0.0,0.0,0.0,0.0,0.0,0.0,0.0,0.0,0.0,0.0,1.0,1
14521550,0.0,0.0,0.0,0.0,0.0,0.0,0.0,0.0,0.0,0.0,0.0,0.0,21260.0,21260,0.0,0.0,0.0,0.0,0.0,0.0,0.0,0.0,0.0,0.0,0.0,0.0,1.0,1
14521620,0.0,0.0,0.0,0.0,0.0,0.0,0.0,0.0,0.0,127733.0,0.0,0.0,2907.0,130640,0.0,0.0,0.0,0.0,0.0,0.0,0.0,0.0,0.0,1.0,0.0,0.0,1.0,2
14522180,0.0,0.0,0.0,96743.0,0.0,0.0,0.0,0.0,0.0,0.0,0.0,0.0,0.0,96743,0.0,0.0,0.0,1.0,0.0,0.0,0.0,0.0,0.0,0.0,0.0,0.0,0.0,1
14522300,0.0,0.0,0.0,0.0,0.0,0.0,0.0,0.0,0.0,0.0,0.0,0.0,82231.0,82231,0.0,0.0,0.0,0.0,0.0,0.0,0.0,0.0,0.0,0.0,0.0,0.0,2.0,2
14522310,0.0,0.0,0.0,0.0,0.0,0.0,0.0,30220.0,0.0,0.0,0.0,0.0,0.0,30220,0.0,0.0,0.0,0.0,0.0,0.0,0.0,1.0,0.0,0.0,0.0,0.0,0.0,1
14522350,0.0,0.0,0.0,0.0,0.0,0.0,0.0,0.0,0.0,0.0,0.0,0.0,1.0,1,0.0,0.0,0.0,0.0,0.0,0.0,0.0,0.0,0.0,0.0,0.0,0.0,1.0,1
14522460,0.0,0.0,0.0,0.0,0.0,0.0,0.0,29440.0,0.0,0.0,0.0,0.0,13969.0,43409,0.0,0.0,0.0,0.0,0.0,0.0,0.0,1.0,0.0,0.0,0.0,0.0,1.0,2
14522590,0.0,0.0,0.0,0.0,0.0,0.0,0.0,0.0,0.0,0.0,0.0,0.0,78323.0,78323,0.0,0.0,0.0,0.0,0.0,0.0,0.0,0.0,0.0,0.0,0.0,0.0,1.0,1
14524330,0.0,0.0,0.0,0.0,0.0,0.0,0.0,19055.0,0.0,0.0,0.0,50518.0,0.0,69573,0.0,0.0,0.0,0.0,0.0,0.0,0.0,1.0,0.0,0.0,0.0,1.0,0.0,2
14625030,0.0,0.0,0.0,0.0,0.0,0.0,0.0,0.0,0.0,12662.0,0.0,0.0,0.0,12662,0.0,0.0,0.0,0.0,0.0,0.0,0.0,0.0,0.0,1.0,0.0,0.0,0.0,1
14625340,0.0,0.0,0.0,0.0,0.0,0.0,0.0,22021.0,0.0,0.0,0.0,0.0,0.0,22021,0.0,0.0,0.0,0.0,0.0,0.0,0.0,1.0,0.0,0.0,0.0,0.0,0.0,1
14625460,0.0,0.0,0.0,0.0,0.0,0.0,0.0,6769.0,0.0,0.0,0.0,0.0,0.0,6769,0.0,0.0,0.0,0.0,0.0,0.0,0.0,1.0,0.0,0.0,0.0,0.0,0.0,1
14625600,0.0,0.0,0.0,0.0,0.0,0.0,0.0,0.0,0.0,0.0,162242.0,0.0,0.0,162242,0.0,0.0,0.0,0.0,0.0,0.0,0.0,0.0,0.0,0.0,2.0,0.0,0.0,2
14626520,0.0,0.0,0.0,0.0,0.0,0.0,0.0,3465.0,0.0,0.0,0.0,0.0,0.0,3465,0.0,0.0,0.0,0.0,0.0,0.0,0.0,1.0,0.0,0.0,0.0,0.0,0.0,1
14626570,0.0,0.0,0.0,0.0,0.0,0.0,0.0,13394.0,0.0,0.0,0.0,0.0,0.0,13394,0.0,0.0,0.0,0.0,0.0,0.0,0.0,1.0,0.0,0.0,0.0,0.0,0.0,1
14626600,0.0,0.0,0.0,0.0,0.0,0.0,0.0,0.0,0.0,14929.0,0.0,0.0,0.0,14929,0.0,0.0,0.0,0.0,0.0,0.0,0.0,0.0,0.0,1.0,0.0,0.0,0.0,1
14627040,0.0,0.0,0.0,0.0,0.0,11542.0,0.0,0.0,0.0,0.0,0.0,0.0,0.0,11542,0.0,0.0,0.0,0.0,0.0,1.0,0.0,0.0,0.0,0.0,0.0,0.0,0.0,1
14627050,0.0,0.0,0.0,0.0,0.0,53690.0,0.0,0.0,0.0,0.0,0.0,0.0,0.0,53690,0.0,0.0,0.0,0.0,0.0,2.0,0.0,0.0,0.0,0.0,0.0,0.0,0.0,2
14627110,0.0,0.0,0.0,0.0,0.0,0.0,0.0,0.0,0.0,0.0,0.0,20191.0,0.0,20191,0.0,0.0,0.0,0.0,0.0,0.0,0.0,0.0,0.0,0.0,0.0,1.0,0.0,1
14627190,0.0,57939.0,0.0,0.0,0.0,0.0,0.0,0.0,0.0,0.0,0.0,0.0,0.0,57939,0.0,1.0,0.0,0.0,0.0,0.0,0.0,0.0,0.0,0.0,0.0,0.0,0.0,1
14627230,0.0,0.0,0.0,0.0,0.0,79255.0,0.0,0.0,0.0,0.0,0.0,0.0,0.0,79255,0.0,0.0,0.0,0.0,0.0,2.0,0.0,0.0,0.0,0.0,0.0,0.0,0.0,2
14628110,0.0,0.0,0.0,0.0,0.0,42356.0,0.0,19842.0,0.0,21190.0,0.0,0.0,13.0,83401,0.0,0.0,0.0,0.0,0.0,3.0,0.0,1.0,0.0,1.0,0.0,0.0,1.0,6
14628160,0.0,0.0,0.0,0.0,0.0,0.0,0.0,0.0,0.0,0.0,0.0,0.0,26588.0,26588,0.0,0.0,0.0,0.0,0.0,0.0,0.0,0.0,0.0,0.0,0.0,0.0,1.0,1
14628210,0.0,0.0,0.0,0.0,0.0,0.0,0.0,0.0,0.0,0.0,0.0,0.0,10852.0,10852,0.0,0.0,0.0,0.0,0.0,0.0,0.0,0.0,0.0,0.0,0.0,0.0,1.0,1
14713000,0.0,0.0,0.0,0.0,0.0,0.0,0.0,0.0,0.0,0.0,0.0,39727.0,0.0,39727,0.0,0.0,0.0,0.0,0.0,0.0,0.0,0.0,0.0,0.0,0.0,1.0,0.0,1
14729040,0.0,1291148.0,0.0,0.0,0.0,0.0,0.0,0.0,26703.0,0.0,0.0,0.0,0.0,1317851,0.0,5.0,0.0,0.0,0.0,0.0,0.0,0.0,1.0,0.0,0.0,0.0,0.0,6
14729150,0.0,0.0,0.0,0.0,0.0,0.0,0.0,7588.0,0.0,0.0,0.0,0.0,0.0,7588,0.0,0.0,0.0,0.0,0.0,0.0,0.0,1.0,0.0,0.0,0.0,0.0,0.0,1
14729400,0.0,0.0,0.0,0.0,0.0,0.0,0.0,0.0,0.0,0.0,0.0,0.0,50327.0,50327,0.0,0.0,0.0,0.0,0.0,0.0,0.0,0.0,0.0,0.0,0.0,0.0,1.0,1
14729410,0.0,0.0,0.0,0.0,0.0,0.0,0.0,0.0,0.0,47919.0,0.0,0.0,0.0,47919,0.0,0.0,0.0,0.0,0.0,0.0,0.0,0.0,0.0,1.0,0.0,0.0,0.0,1
14730070,0.0,0.0,0.0,0.0,0.0,0.0,0.0,0.0,0.0,25119.0,0.0,0.0,0.0,25119,0.0,0.0,0.0,0.0,0.0,0.0,0.0,0.0,0.0,1.0,0.0,0.0,0.0,1
14730110,0.0,0.0,0.0,0.0,0.0,0.0,0.0,0.0,0.0,0.0,0.0,0.0,146652.0,146652,0.0,0.0,0.0,0.0,0.0,0.0,0.0,0.0,0.0,0.0,0.0,0.0,1.0,1
14730250,0.0,0.0,0.0,20044.0,0.0,0.0,0.0,0.0,0.0,0.0,0.0,0.0,0.0,20044,0.0,0.0,0.0,1.0,0.0,0.0,0.0,0.0,0.0,0.0,0.0,0.0,0.0,1
14730310,0.0,0.0,0.0,0.0,0.0,0.0,0.0,0.0,0.0,117792.0,0.0,0.0,0.0,117792,0.0,0.0,0.0,0.0,0.0,0.0,0.0,0.0,0.0,1.0,0.0,0.0,0.0,1
15003000,0.0,0.0,0.0,0.0,0.0,0.0,0.0,0.0,0.0,0.0,0.0,558.0,0.0,558,0.0,0.0,0.0,0.0,0.0,0.0,0.0,0.0,0.0,0.0,0.0,1.0,0.0,1
15081135,0.0,0.0,0.0,0.0,0.0,0.0,0.0,0.0,0.0,41251.0,0.0,0.0,0.0,41251,0.0,0.0,0.0,0.0,0.0,0.0,0.0,0.0,0.0,1.0,0.0,0.0,0.0,1
15081365,0.0,0.0,0.0,0.0,0.0,0.0,0.0,0.0,0.0,0.0,0.0,24889.0,0.0,24889,0.0,0.0,0.0,0.0,0.0,0.0,0.0,0.0,0.0,0.0,0.0,1.0,0.0,1
15082340,0.0,0.0,0.0,0.0,0.0,0.0,0.0,0.0,0.0,0.0,0.0,0.0,110730.0,110730,0.0,0.0,0.0,0.0,0.0,0.0,0.0,0.0,0.0,0.0,0.0,0.0,1.0,1
15082440,0.0,28644.0,0.0,0.0,0.0,0.0,0.0,0.0,0.0,0.0,0.0,0.0,0.0,28644,0.0,1.0,0.0,0.0,0.0,0.0,0.0,0.0,0.0,0.0,0.0,0.0,0.0,1
15083000,0.0,0.0,0.0,0.0,0.0,0.0,0.0,46118.0,0.0,0.0,0.0,0.0,0.0,46118,0.0,0.0,0.0,0.0,0.0,0.0,0.0,1.0,0.0,0.0,0.0,0.0,0.0,1
15083270,0.0,0.0,0.0,0.0,0.0,0.0,0.0,0.0,0.0,128797.0,0.0,0.0,0.0,128797,0.0,0.0,0.0,0.0,0.0,0.0,0.0,0.0,0.0,1.0,0.0,0.0,0.0,1
15083415,0.0,0.0,0.0,0.0,0.0,0.0,0.0,0.0,0.0,0.0,4472.0,0.0,0.0,4472,0.0,0.0,0.0,0.0,0.0,0.0,0.0,0.0,0.0,0.0,1.0,0.0,0.0,1
15083490,0.0,0.0,0.0,0.0,0.0,0.0,0.0,0.0,0.0,232956.0,0.0,0.0,0.0,232956,0.0,0.0,0.0,0.0,0.0,0.0,0.0,0.0,0.0,2.0,0.0,0.0,0.0,2
15083531,0.0,0.0,0.0,0.0,0.0,0.0,0.0,0.0,0.0,0.0,100776.0,0.0,0.0,100776,0.0,0.0,0.0,0.0,0.0,0.0,0.0,0.0,0.0,0.0,1.0,0.0,0.0,1
15083535,0.0,0.0,0.0,0.0,0.0,0.0,0.0,27770.0,0.0,0.0,0.0,0.0,0.0,27770,0.0,0.0,0.0,0.0,0.0,0.0,0.0,1.0,0.0,0.0,0.0,0.0,0.0,1
15083580,213671.0,0.0,0.0,0.0,0.0,0.0,0.0,0.0,0.0,0.0,0.0,0.0,0.0,213671,2.0,0.0,0.0,0.0,0.0,0.0,0.0,0.0,0.0,0.0,0.0,0.0,0.0,2
15084130,0.0,93128.0,0.0,0.0,0.0,0.0,0.0,0.0,0.0,0.0,0.0,0.0,0.0,93128,0.0,1.0,0.0,0.0,0.0,0.0,0.0,0.0,0.0,0.0,0.0,0.0,0.0,1
15084250,0.0,0.0,0.0,0.0,0.0,0.0,964238.0,0.0,0.0,0.0,0.0,0.0,0.0,964238,0.0,0.0,0.0,0.0,0.0,0.0,1.0,0.0,0.0,0.0,0.0,0.0,0.0,1
15084590,0.0,381351.0,0.0,0.0,0.0,0.0,0.0,0.0,0.0,0.0,242417.0,0.0,0.0,623768,0.0,1.0,0.0,0.0,0.0,0.0,0.0,0.0,0.0,0.0,1.0,0.0,0.0,2
15085190,0.0,0.0,0.0,0.0,0.0,94241.0,0.0,0.0,0.0,0.0,0.0,0.0,0.0,94241,0.0,0.0,0.0,0.0,0.0,1.0,0.0,0.0,0.0,0.0,0.0,0.0,0.0,1
15085228,0.0,0.0,0.0,0.0,0.0,0.0,0.0,0.0,875516.0,0.0,0.0,0.0,0.0,875516,0.0,0.0,0.0,0.0,0.0,0.0,0.0,0.0,6.0,0.0,0.0,0.0,0.0,6
15086000,0.0,0.0,0.0,0.0,0.0,0.0,0.0,0.0,0.0,0.0,10891.0,0.0,0.0,10891,0.0,0.0,0.0,0.0,0.0,0.0,0.0,0.0,0.0,0.0,1.0,0.0,0.0,1
15086015,0.0,0.0,0.0,0.0,0.0,0.0,0.0,0.0,0.0,0.0,0.0,0.0,97428.0,97428,0.0,0.0,0.0,0.0,0.0,0.0,0.0,0.0,0.0,0.0,0.0,0.0,1.0,1
15087220,0.0,0.0,0.0,9454.0,0.0,0.0,0.0,0.0,0.0,0.0,0.0,0.0,0.0,9454,0.0,0.0,0.0,1.0,0.0,0.0,0.0,0.0,0.0,0.0,0.0,0.0,0.0,1
15088205,0.0,563161.0,0.0,0.0,0.0,0.0,0.0,0.0,0.0,0.0,0.0,0.0,12671.0,575832,0.0,8.0,0.0,0.0,0.0,0.0,0.0,0.0,0.0,0.0,0.0,0.0,1.0,9
15088330,0.0,134678.0,0.0,0.0,0.0,0.0,0.0,0.0,0.0,0.0,0.0,0.0,0.0,134678,0.0,5.0,0.0,0.0,0.0,0.0,0.0,0.0,0.0,0.0,0.0,0.0,0.0,5
15089026,0.0,0.0,0.0,0.0,0.0,0.0,0.0,0.0,0.0,0.0,126819.0,0.0,0.0,126819,0.0,0.0,0.0,0.0,0.0,0.0,0.0,0.0,0.0,0.0,1.0,0.0,0.0,1
15089030,0.0,190091.0,0.0,0.0,0.0,0.0,771748.0,0.0,0.0,32303.0,0.0,0.0,0.0,994142,0.0,1.0,0.0,0.0,0.0,0.0,1.0,0.0,0.0,1.0,0.0,0.0,0.0,3
15089195,0.0,0.0,0.0,0.0,0.0,0.0,0.0,0.0,0.0,0.0,124733.0,0.0,0.0,124733,0.0,0.0,0.0,0.0,0.0,0.0,0.0,0.0,0.0,0.0,1.0,0.0,0.0,1
15089307,0.0,0.0,0.0,136577.0,0.0,0.0,0.0,0.0,0.0,0.0,0.0,0.0,0.0,136577,0.0,0.0,0.0,2.0,0.0,0.0,0.0,0.0,0.0,0.0,0.0,0.0,0.0,2
15089310,0.0,131569.0,0.0,0.0,0.0,0.0,0.0,0.0,0.0,0.0,0.0,0.0,0.0,131569,0.0,1.0,0.0,0.0,0.0,0.0,0.0,0.0,0.0,0.0,0.0,0.0,0.0,1
15090010,0.0,0.0,0.0,0.0,0.0,0.0,0.0,0.0,0.0,0.0,0.0,0.0,93339.0,93339,0.0,0.0,0.0,0.0,0.0,0.0,0.0,0.0,0.0,0.0,0.0,0.0,2.0,2
15091020,0.0,0.0,0.0,0.0,0.0,0.0,0.0,16077.0,0.0,0.0,0.0,0.0,0.0,16077,0.0,0.0,0.0,0.0,0.0,0.0,0.0,1.0,0.0,0.0,0.0,0.0,0.0,1
15091375,2613221.0,35573.0,0.0,0.0,0.0,0.0,0.0,0.0,0.0,0.0,0.0,0.0,0.0,2648794,4.0,1.0,0.0,0.0,0.0,0.0,0.0,0.0,0.0,0.0,0.0,0.0,0.0,5
15091391,0.0,0.0,0.0,0.0,0.0,0.0,0.0,4595.0,0.0,0.0,0.0,0.0,0.0,4595,0.0,0.0,0.0,0.0,0.0,0.0,0.0,1.0,0.0,0.0,0.0,0.0,0.0,1
15369010,0.0,0.0,0.0,0.0,0.0,0.0,0.0,0.0,60167.0,0.0,0.0,0.0,0.0,60167,0.0,0.0,0.0,0.0,0.0,0.0,0.0,0.0,1.0,0.0,0.0,0.0,0.0,1
16051000,0.0,0.0,0.0,0.0,0.0,0.0,0.0,0.0,0.0,0.0,0.0,0.0,0.0,0,0.0,0.0,0.0,0.0,0.0,0.0,0.0,0.0,0.0,0.0,0.0,0.0,0.0,0
16053000,0.0,0.0,0.0,0.0,0.0,0.0,0.0,0.0,0.0,19145.0,0.0,0.0,0.0,19145,0.0,0.0,0.0,0.0,0.0,0.0,0.0,0.0,0.0,1.0,0.0,0.0,0.0,1
16061022,0.0,0.0,0.0,0.0,0.0,0.0,1071214.0,0.0,0.0,0.0,0.0,0.0,0.0,1071214,0.0,0.0,0.0,0.0,0.0,0.0,1.0,0.0,0.0,0.0,0.0,0.0,0.0,1
16061114,0.0,0.0,0.0,0.0,0.0,0.0,0.0,3808.0,0.0,0.0,0.0,0.0,0.0,3808,0.0,0.0,0.0,0.0,0.0,0.0,0.0,1.0,0.0,0.0,0.0,0.0,0.0,1
16062041,0.0,0.0,0.0,0.0,0.0,0.0,0.0,4615.0,0.0,0.0,0.0,0.0,0.0,4615,0.0,0.0,0.0,0.0,0.0,0.0,0.0,1.0,0.0,0.0,0.0,0.0,0.0,1
16062066,42131.0,0.0,0.0,0.0,0.0,0.0,0.0,0.0,0.0,0.0,0.0,0.0,0.0,42131,1.0,0.0,0.0,0.0,0.0,0.0,0.0,0.0,0.0,0.0,0.0,0.0,0.0,1
16063078,138782.0,0.0,0.0,0.0,0.0,0.0,0.0,0.0,0.0,0.0,0.0,0.0,0.0,138782,2.0,0.0,0.0,0.0,0.0,0.0,0.0,0.0,0.0,0.0,0.0,0.0,0.0,2
16063104,0.0,0.0,0.0,0.0,0.0,0.0,0.0,0.0,0.0,0.0,0.0,17.0,0.0,17,0.0,0.0,0.0,0.0,0.0,0.0,0.0,0.0,0.0,0.0,0.0,1.0,0.0,1
16064018,0.0,0.0,0.0,0.0,0.0,0.0,0.0,26493.0,0.0,0.0,0.0,0.0,0.0,26493,0.0,0.0,0.0,0.0,0.0,0.0,0.0,1.0,0.0,0.0,0.0,0.0,0.0,1
16064046,0.0,0.0,0.0,0.0,0.0,0.0,0.0,15271.0,0.0,0.0,0.0,0.0,0.0,15271,0.0,0.0,0.0,0.0,0.0,0.0,0.0,1.0,0.0,0.0,0.0,0.0,0.0,1
16064066,0.0,0.0,0.0,0.0,0.0,0.0,0.0,15195.0,0.0,0.0,0.0,0.0,0.0,15195,0.0,0.0,0.0,0.0,0.0,0.0,0.0,1.0,0.0,0.0,0.0,0.0,0.0,1
16066063,0.0,0.0,0.0,0.0,0.0,0.0,0.0,0.0,0.0,0.0,0.0,0.0,17478.0,17478,0.0,0.0,0.0,0.0,0.0,0.0,0.0,0.0,0.0,0.0,0.0,0.0,3.0,3
16067029,0.0,0.0,0.0,0.0,0.0,0.0,0.0,0.0,0.0,0.0,0.0,2760.0,0.0,2760,0.0,0.0,0.0,0.0,0.0,0.0,0.0,0.0,0.0,0.0,0.0,1.0,0.0,1
16069043,0.0,0.0,0.0,0.0,0.0,0.0,0.0,0.0,0.0,57013.0,0.0,0.0,0.0,57013,0.0,0.0,0.0,0.0,0.0,0.0,0.0,0.0,0.0,1.0,0.0,0.0,0.0,1
16070004,0.0,0.0,0.0,0.0,0.0,0.0,0.0,0.0,0.0,0.0,0.0,3435.0,0.0,3435,0.0,0.0,0.0,0.0,0.0,0.0,0.0,0.0,0.0,0.0,0.0,1.0,0.0,1
16070028,0.0,1658.0,0.0,0.0,0.0,0.0,0.0,0.0,0.0,0.0,0.0,0.0,0.0,1658,0.0,1.0,0.0,0.0,0.0,0.0,0.0,0.0,0.0,0.0,0.0,0.0,0.0,1
16070058,0.0,0.0,0.0,0.0,0.0,0.0,0.0,0.0,0.0,47206.0,0.0,0.0,0.0,47206,0.0,0.0,0.0,0.0,0.0,0.0,0.0,0.0,0.0,1.0,0.0,0.0,0.0,1
16072011,0.0,0.0,0.0,0.0,0.0,0.0,0.0,0.0,0.0,103790.0,0.0,0.0,0.0,103790,0.0,0.0,0.0,0.0,0.0,0.0,0.0,0.0,0.0,2.0,0.0,0.0,0.0,2
16072013,0.0,0.0,0.0,0.0,0.0,0.0,0.0,0.0,0.0,4562.0,0.0,0.0,0.0,4562,0.0,0.0,0.0,0.0,0.0,0.0,0.0,0.0,0.0,1.0,0.0,0.0,0.0,1
16073066,0.0,0.0,0.0,0.0,0.0,0.0,0.0,0.0,0.0,21522.0,0.0,0.0,0.0,21522,0.0,0.0,0.0,0.0,0.0,0.0,0.0,0.0,0.0,1.0,0.0,0.0,0.0,1
16073076,0.0,0.0,0.0,0.0,0.0,0.0,0.0,0.0,0.0,0.0,0.0,0.0,0.0,0,0.0,0.0,0.0,0.0,0.0,0.0,0.0,0.0,0.0,0.0,0.0,0.0,0.0,0
16073111,0.0,0.0,0.0,0.0,0.0,103526.0,0.0,0.0,0.0,0.0,0.0,0.0,0.0,103526,0.0,0.0,0.0,0.0,0.0,2.0,0.0,0.0,0.0,0.0,0.0,0.0,0.0,2
16074018,0.0,0.0,0.0,0.0,0.0,0.0,0.0,30339.0,0.0,0.0,0.0,0.0,0.0,30339,0.0,0.0,0.0,0.0,0.0,0.0,0.0,1.0,0.0,0.0,0.0,0.0,0.0,1
16075136,0.0,0.0,0.0,0.0,0.0,0.0,0.0,0.0,0.0,0.0,0.0,0.0,47653.0,47653,0.0,0.0,0.0,0.0,0.0,0.0,0.0,0.0,0.0,0.0,0.0,0.0,1.0,1
16076012,0.0,0.0,0.0,0.0,0.0,0.0,0.0,0.0,67693.0,0.0,0.0,0.0,0.0,67693,0.0,0.0,0.0,0.0,0.0,0.0,0.0,0.0,1.0,0.0,0.0,0.0,0.0,1
16076084,0.0,0.0,0.0,0.0,0.0,0.0,0.0,0.0,111795.0,0.0,0.0,0.0,0.0,111795,0.0,0.0,0.0,0.0,0.0,0.0,0.0,0.0,1.0,0.0,0.0,0.0,0.0,1
DG000000,6330557.0,20447663.0,839345.0,2887345.0,28222420.0,15261863.0,20531906.0,1888306.0,7258479.0,3609993.0,3920594.0,2262989.0,6054421.0,119515881,23.0,212.0,16.0,42.0,11.0,98.0,35.0,126.0,47.0,68.0,69.0,114.0,141.0,1002
